DATE,REGION,GOUVERNORAT,Port,T.PECHE,ESPECE,GROUPE,QR,Année
31/01/2021,Est,Mahdia,Mahdia,Chalut benthique,Chien de mer,P.blanc,748.8,2021
31/01/2021,Est,Mahdia,Mahdia,Chalut benthique,Emissole,P.blanc,1269.45,2021
31/01/2021,Est,Mahdia,Mahdia,Chalut benthique,Raie,P.blanc,4113.72,2021
31/01/2021,Est,Mahdia,Chebba,Chalut benthique,Chien de mer,P.blanc,52650,2021
31/01/2021,Est,Mahdia,Chebba,Chalut benthique,Raie,P.blanc,14098.5,2021
31/01/2021,Est,Mahdia,Chebba,Cotière,Chien de mer,P.blanc,8023,2021
31/01/2021,Est,Mahdia,Chebba,Cotière,Raie,P.blanc,1363.2,2021
31/01/2021,Est,Monastir,Monastir,Chalut benthique,Emissole,P.blanc,819,2021
31/01/2021,Est,Monastir,Monastir,Chalut benthique,Raie,P.blanc,702,2021
31/01/2021,Est,Monastir,Monastir,Cotière,Raie,P.blanc,142,2021
31/01/2021,Est,Monastir,Sayada,Chalut benthique,Raie,P.blanc,210.6,2021
31/01/2021,Est,Monastir,Sayada,Cotière,Roussette,P.blanc,127.8,2021
31/01/2021,Est,Monastir,Teboulba,Chalut benthique,Chien de mer,P.blanc,367.38,2021
31/01/2021,Est,Monastir,Teboulba,Chalut benthique,Raie,P.blanc,149.76,2021
31/01/2021,Est,Monastir,Teboulba,Cotière,Chien de mer,P.blanc,120.7,2021
31/01/2021,Est,Monastir,Teboulba,Cotière,Raie,P.blanc,71,2021
31/01/2021,Est,Monastir,Bekalta,Cotière,Roussette,P.blanc,1249.6,2021
31/01/2021,Est,Monastir,Bekalta,Cotière,Raie,P.blanc,1462.6,2021
31/01/2021,Est,Nabeul-E,Beni Khiar,Cotière,Chien de mer,P.blanc,42.6,2021
31/01/2021,Est,Nabeul-E,Beni Khiar,Cotière,Raie,P.blanc,170.4,2021
31/01/2021,Est,Sousse,Sousse,Chalut benthique,Chien de mer,P.blanc,471.51,2021
31/01/2021,Est,Sousse,Sousse,Chalut benthique,Raie,P.blanc,3680.82,2021
31/01/2021,Est,Sousse,Sousse,Cotière,Chien de mer,P.blanc,710,2021
31/01/2021,Est,Sousse,Hergla,Cotière,Chien de mer,P.blanc,284,2021
31/01/2021,Est,Sousse,Port el Kantaoui,Cotière,Chien de mer,P.blanc,213,2021
31/01/2021,Nord,Bèja,Zouaraa,Cotière,Raie,P.blanc,1420,2021
31/01/2021,Nord,Ben Arous,Hammam lif,Cotière,Raie,P.blanc,120.7,2021
31/01/2021,Nord,Bizerte,Bizerte,Chalut benthique,Chien de mer,P.blanc,1661.4,2021
31/01/2021,Nord,Bizerte,Bizerte,Chalut benthique,Roussette,P.blanc,1450.8,2021
31/01/2021,Nord,Bizerte,Bizerte,Chalut benthique,Raie,P.blanc,3313.44,2021
31/01/2021,Nord,Bizerte,Bizerte,Cotière,Chien de mer,P.blanc,411.8,2021
31/01/2021,Nord,Bizerte,Mel. A.errahman,Lagunaire,Raie,P.blanc,3,2021
31/01/2021,Nord,Bizerte,Cap.Zebib,Cotière,Chien de mer,P.blanc,184.6,2021
31/01/2021,Nord,Bizerte,Cap.Zebib,Cotière,Raie,P.blanc,269.8,2021
31/01/2021,Nord,Bizerte,Ghar.El melh,Cotière,Chien de mer,P.blanc,42.6,2021
31/01/2021,Nord,Bizerte,Ghar.El melh,Cotière,Roussette,P.blanc,103.66,2021
31/01/2021,Nord,Jendouba,Tabarka,Chalut benthique,Chien de mer,P.blanc,157.95,2021
31/01/2021,Nord,Jendouba,Tabarka,Chalut benthique,Raie,P.blanc,590.85,2021
31/01/2021,Nord,Jendouba,Tabarka,Cotière,Emissole,P.blanc,28.4,2021
31/01/2021,Nord,Jendouba,Tabarka,Cotière,Raie,P.blanc,71,2021
31/01/2021,Nord,Nabeul-N,Kélibia,Chalut benthique,Chien de mer,P.blanc,982.8,2021
31/01/2021,Nord,Nabeul-N,Kélibia,Chalut benthique,Roussette,P.blanc,1125.54,2021
31/01/2021,Nord,Nabeul-N,Kélibia,Chalut benthique,Raie,P.blanc,6064.11,2021
31/01/2021,Nord,Nabeul-N,Kélibia,Cotière,Chien de mer,P.blanc,312.4,2021
31/01/2021,Nord,Nabeul-N,Sidi Daoud,Feu,Raie,P.blanc,920,2021
31/01/2021,Nord,Nabeul-N,Hammamet,Cotière,Raie,P.blanc,35.5,2021
31/01/2021,Nord,Tunis,La Goulette,Chalut benthique,Chien de mer,P.blanc,166.14,2021
31/01/2021,Nord,Tunis,La Goulette,Chalut benthique,Roussette,P.blanc,477.36,2021
31/01/2021,Nord,Tunis,La Goulette,Chalut benthique,Emissole,P.blanc,1284.66,2021
31/01/2021,Nord,Tunis,La Goulette,Chalut benthique,Raie,P.blanc,559.26,2021
31/01/2021,Nord,Tunis,La Goulette,Cotière,Chien de mer,P.blanc,31.24,2021
31/01/2021,Sud,Medenine,Zarzis,Chalut benthique,Roussette,P.blanc,58.5,2021
31/01/2021,Sud,Medenine,Zarzis,Cotière,Emissole,P.blanc,1569.1,2021
31/01/2021,Sud,Medenine,Zarzis,Cotière,Raie,P.blanc,1569.1,2021
31/01/2021,Sud,Medenine,Zarzis,Cotière,Ange de mer,P.blanc,92.3,2021
31/01/2021,Sud,Medenine,Houmtsouk,Cotière,Chien de mer,P.blanc,227.2,2021
31/01/2021,Sud,Medenine,Houmtsouk,Cotière,Emissole,P.blanc,994,2021
31/01/2021,Sud,Medenine,Houmtsouk,Cotière,Raie,P.blanc,2272,2021
31/01/2021,Sud,Medenine,Houmtsouk,Cotière,Ange de mer,P.blanc,2130,2021
31/01/2021,Sud,Medenine,Ajim,Cotière,Raie,P.blanc,1718.2,2021
31/01/2021,Sud,Medenine,Elketf,Cotière,Chien de mer,P.blanc,1164.4,2021
31/01/2021,Sud,Medenine,Elketf,Cotière,Emissole,P.blanc,2556,2021
31/01/2021,Sud,Medenine,Elketf,Cotière,Raie,P.blanc,568,2021
31/01/2021,Sud,Medenine,Elgreen,Cotière,Raie,P.blanc,710,2021
31/01/2021,Sud,Sfax,Sfax,Chalut benthique,Chien de mer,P.blanc,1123.2,2021
31/01/2021,Sud,Sfax,Sfax,Chalut benthique,Roussette,P.blanc,1508.13,2021
31/01/2021,Sud,Sfax,Sfax,Chalut benthique,Raie,P.blanc,3363.75,2021
31/01/2021,Sud,Sfax,Mellita,Cotière,Roussette,P.blanc,667.4,2021
31/01/2021,Sud,Sfax,Mellita,Cotière,Raie,P.blanc,326.6,2021
31/01/2021,Sud,Sfax,Attaya,Cotière,Roussette,P.blanc,7497.6,2021
28/02/2021,Est,Mahdia,Mahdia,Chalut benthique,Chien de mer,P.blanc,876.33,2021
28/02/2021,Est,Mahdia,Mahdia,Chalut benthique,Emissole,P.blanc,1536.21,2021
28/02/2021,Est,Mahdia,Mahdia,Chalut benthique,Raie,P.blanc,2898.09,2021
28/02/2021,Est,Mahdia,Mahdia,Cotière,Chien de mer,P.blanc,71,2021
28/02/2021,Est,Mahdia,Mahdia,Cotière,Emissole,P.blanc,170.4,2021
28/02/2021,Est,Mahdia,Mahdia,Cotière,Raie,P.blanc,136.32,2021
28/02/2021,Est,Mahdia,Chebba,Chalut benthique,Chien de mer,P.blanc,54510.3,2021
28/02/2021,Est,Mahdia,Chebba,Chalut benthique,Raie,P.blanc,11115,2021
28/02/2021,Est,Mahdia,Chebba,Cotière,Chien de mer,P.blanc,7100,2021
28/02/2021,Est,Mahdia,Chebba,Cotière,Raie,P.blanc,1988,2021
28/02/2021,Est,Monastir,Monastir,Chalut benthique,Raie,P.blanc,4680,2021
28/02/2021,Est,Monastir,Monastir,Cotière,Emissole,P.blanc,383.4,2021
28/02/2021,Est,Monastir,Monastir,Cotière,Raie,P.blanc,255.6,2021
28/02/2021,Est,Monastir,Khnis,Cotière,Roussette,P.blanc,245.66,2021
28/02/2021,Est,Monastir,Khnis,Cotière,Raie,P.blanc,329.44,2021
28/02/2021,Est,Monastir,Sayada,Chalut benthique,Roussette,P.blanc,12.87,2021
28/02/2021,Est,Monastir,Sayada,Chalut benthique,Raie,P.blanc,386.1,2021
28/02/2021,Est,Monastir,Sayada,Cotière,Roussette,P.blanc,127.8,2021
28/02/2021,Est,Monastir,Teboulba,Chalut benthique,Chien de mer,P.blanc,142.74,2021
28/02/2021,Est,Monastir,Teboulba,Chalut benthique,Raie,P.blanc,88.92,2021
28/02/2021,Est,Monastir,Teboulba,Cotière,Chien de mer,P.blanc,585.04,2021
28/02/2021,Est,Monastir,Teboulba,Cotière,Raie,P.blanc,176.08,2021
28/02/2021,Est,Monastir,Bekalta,Cotière,Emissole,P.blanc,1263.8,2021
28/02/2021,Est,Monastir,Bekalta,Cotière,Raie,P.blanc,2016.4,2021
28/02/2021,Est,Nabeul-E,Beni Khiar,Cotière,Chien de mer,P.blanc,106.5,2021
28/02/2021,Est,Nabeul-E,Beni Khiar,Cotière,Raie,P.blanc,191.7,2021
28/02/2021,Est,Sousse,Sousse,Chalut benthique,Chien de mer,P.blanc,243.36,2021
28/02/2021,Est,Sousse,Sousse,Chalut benthique,Raie,P.blanc,2570.49,2021
28/02/2021,Est,Sousse,Sousse,Cotière,Chien de mer,P.blanc,639,2021
28/02/2021,Est,Sousse,Hergla,Cotière,Chien de mer,P.blanc,213,2021
28/02/2021,Est,Sousse,Hergla,Cotière,Raie,P.blanc,284,2021
28/02/2021,Est,Sousse,Port el Kantaoui,Cotière,Chien de mer,P.blanc,142,2021
28/02/2021,Est,Sousse,Sidi Abdelhamid,Cotière,Chien de mer,P.blanc,284,2021
28/02/2021,Nord,Bèja,Zouaraa,Cotière,Raie,P.blanc,1562,2021
28/02/2021,Nord,Ben Arous,Ezzahra,Cotière,Raie,P.blanc,142,2021
28/02/2021,Nord,Bizerte,Bizerte,Chalut benthique,Chien de mer,P.blanc,1778.4,2021
28/02/2021,Nord,Bizerte,Bizerte,Chalut benthique,Roussette,P.blanc,1626.3,2021
28/02/2021,Nord,Bizerte,Bizerte,Chalut benthique,Raie,P.blanc,2515.5,2021
28/02/2021,Nord,Bizerte,Bizerte,Cotière,Chien de mer,P.blanc,560.9,2021
28/02/2021,Nord,Bizerte,Mel. A.errahman,Lagunaire,Raie,P.blanc,100,2021
28/02/2021,Nord,Bizerte,Cap.Zebib,Cotière,Chien de mer,P.blanc,213,2021
28/02/2021,Nord,Bizerte,Cap.Zebib,Cotière,Raie,P.blanc,51.12,2021
28/02/2021,Nord,Bizerte,Ghar.El melh,Cotière,Chien de mer,P.blanc,142,2021
28/02/2021,Nord,Bizerte,Ghar.El melh,Cotière,Roussette,P.blanc,153.36,2021
28/02/2021,Nord,Bizerte,Ghar.El melh,Cotière,Raie,P.blanc,28.4,2021
28/02/2021,Nord,Bizerte,Sidi Mechreg,Cotière,Raie,P.blanc,127.8,2021
28/02/2021,Nord,Jendouba,Tabarka,Chalut benthique,Chien de mer,P.blanc,283.14,2021
28/02/2021,Nord,Jendouba,Tabarka,Chalut benthique,Raie,P.blanc,1263.6,2021
28/02/2021,Nord,Jendouba,Tabarka,Cotière,Chien de mer,P.blanc,213,2021
28/02/2021,Nord,Jendouba,Tabarka,Cotière,Roussette,P.blanc,113.6,2021
28/02/2021,Nord,Jendouba,Tabarka,Cotière,Emissole,P.blanc,142,2021
28/02/2021,Nord,Jendouba,Tabarka,Cotière,Raie,P.blanc,369.2,2021
28/02/2021,Nord,Jendouba,Tabarka,Cotière,Ange de mer,P.blanc,184.6,2021
28/02/2021,Nord,Nabeul-N,Kélibia,Chalut benthique,Chien de mer,P.blanc,847.08,2021
28/02/2021,Nord,Nabeul-N,Kélibia,Chalut benthique,Roussette,P.blanc,1187.55,2021
28/02/2021,Nord,Nabeul-N,Kélibia,Chalut benthique,Raie,P.blanc,6072.3,2021
28/02/2021,Nord,Nabeul-N,Kélibia,Cotière,Chien de mer,P.blanc,6681.1,2021
28/02/2021,Nord,Nabeul-N,Kélibia,Cotière,Raie,P.blanc,495.58,2021
28/02/2021,Nord,Nabeul-N,Sidi Daoud,Cotière,Chien de mer,P.blanc,1512.3,2021
28/02/2021,Nord,Nabeul-N,Hammamet,Cotière,Raie,P.blanc,284,2021
28/02/2021,Nord,Nabeul-N,Hawaria,Cotière,Chien de mer,P.blanc,2.84,2021
28/02/2021,Nord,Tunis,La Goulette,Chalut benthique,Chien de mer,P.blanc,336.96,2021
28/02/2021,Nord,Tunis,La Goulette,Chalut benthique,Roussette,P.blanc,56.16,2021
28/02/2021,Nord,Tunis,La Goulette,Chalut benthique,Emissole,P.blanc,982.8,2021
28/02/2021,Nord,Tunis,La Goulette,Chalut benthique,Raie,P.blanc,1361.88,2021
28/02/2021,Nord,Tunis,La Goulette,Cotière,Chien de mer,P.blanc,96.56,2021
28/02/2021,Sud,Medenine,Zarzis,Chalut benthique,Roussette,P.blanc,81.9,2021
28/02/2021,Sud,Medenine,Zarzis,Chalut benthique,Emissole,P.blanc,58.5,2021
28/02/2021,Sud,Medenine,Zarzis,Cotière,Emissole,P.blanc,2676.7,2021
28/02/2021,Sud,Medenine,Zarzis,Cotière,Raie,P.blanc,1199.9,2021
28/02/2021,Sud,Medenine,Houmtsouk,Cotière,Chien de mer,P.blanc,568,2021
28/02/2021,Sud,Medenine,Houmtsouk,Cotière,Emissole,P.blanc,795.2,2021
28/02/2021,Sud,Medenine,Houmtsouk,Cotière,Raie,P.blanc,5680,2021
28/02/2021,Sud,Medenine,Houmtsouk,Cotière,Ange de mer,P.blanc,1107.6,2021
28/02/2021,Sud,Medenine,Ajim,Cotière,Raie,P.blanc,568,2021
28/02/2021,Sud,Medenine,Elketf,Cotière,Chien de mer,P.blanc,1562,2021
28/02/2021,Sud,Medenine,Elketf,Cotière,Emissole,P.blanc,8236,2021
28/02/2021,Sud,Medenine,Elketf,Cotière,Raie,P.blanc,2840,2021
28/02/2021,Sud,Medenine,Elgreen,Cotière,Raie,P.blanc,142,2021
28/02/2021,Sud,Sfax,Sfax,Chalut benthique,Chien de mer,P.blanc,1228.5,2021
28/02/2021,Sud,Sfax,Sfax,Chalut benthique,Roussette,P.blanc,2081.43,2021
28/02/2021,Sud,Sfax,Sfax,Chalut benthique,Raie,P.blanc,2410.2,2021
28/02/2021,Sud,Sfax,Mellita,Cotière,Roussette,P.blanc,1973.8,2021
28/02/2021,Sud,Sfax,Mellita,Cotière,Raie,P.blanc,1377.4,2021
31/03/2021,Est,Mahdia,Mahdia,Chalut benthique,Chien de mer,P.blanc,831.87,2021
31/03/2021,Est,Mahdia,Mahdia,Chalut benthique,Roussette,P.blanc,1808.82,2021
31/03/2021,Est,Mahdia,Mahdia,Chalut benthique,Raie,P.blanc,4615.65,2021
31/03/2021,Est,Mahdia,Chebba,Chalut benthique,Chien de mer,P.blanc,43173,2021
31/03/2021,Est,Mahdia,Chebba,Chalut benthique,Raie,P.blanc,24219,2021
31/03/2021,Est,Mahdia,Chebba,Cotière,Chien de mer,P.blanc,3635.2,2021
31/03/2021,Est,Monastir,Monastir,Chalut benthique,Chien de mer,P.blanc,70.2,2021
31/03/2021,Est,Monastir,Monastir,Cotière,Roussette,P.blanc,482.8,2021
31/03/2021,Est,Monastir,Monastir,Cotière,Raie,P.blanc,284,2021
31/03/2021,Est,Monastir,Khnis,Cotière,Raie,P.blanc,444.46,2021
31/03/2021,Est,Monastir,Ksibet el Madiouni,Cotière,Raie,P.blanc,374.88,2021
31/03/2021,Est,Monastir,Sayada,Chalut benthique,Roussette,P.blanc,193.05,2021
31/03/2021,Est,Monastir,Sayada,Chalut benthique,Raie,P.blanc,245.7,2021
31/03/2021,Est,Monastir,Sayada,Cotière,Roussette,P.blanc,184.6,2021
31/03/2021,Est,Monastir,Teboulba,Chalut benthique,Chien de mer,P.blanc,266.76,2021
31/03/2021,Est,Monastir,Teboulba,Chalut benthique,Raie,P.blanc,517.14,2021
31/03/2021,Est,Monastir,Teboulba,Cotière,Chien de mer,P.blanc,350.74,2021
31/03/2021,Est,Monastir,Teboulba,Cotière,Raie,P.blanc,136.32,2021
31/03/2021,Est,Monastir,Bekalta,Cotière,Emissole,P.blanc,1576.2,2021
31/03/2021,Est,Monastir,Bekalta,Cotière,Raie,P.blanc,1689.8,2021
31/03/2021,Est,Nabeul-E,Beni Khiar,Cotière,Chien de mer,P.blanc,42.6,2021
31/03/2021,Est,Nabeul-E,Beni Khiar,Cotière,Raie,P.blanc,468.6,2021
31/03/2021,Est,Sousse,Sousse,Chalut benthique,Chien de mer,P.blanc,1460.16,2021
31/03/2021,Est,Sousse,Sousse,Chalut benthique,Raie,P.blanc,3985.02,2021
31/03/2021,Est,Sousse,Sousse,Cotière,Chien de mer,P.blanc,426,2021
31/03/2021,Est,Sousse,Sousse,Cotière,Raie,P.blanc,426,2021
31/03/2021,Est,Sousse,Essaloum,Cotière,Raie,P.blanc,568,2021
31/03/2021,Est,Sousse,Hergla,Cotière,Raie,P.blanc,120.7,2021
31/03/2021,Est,Sousse,Port el Kantaoui,Cotière,Chien de mer,P.blanc,142,2021
31/03/2021,Est,Sousse,Sidi Abdelhamid,Cotière,Chien de mer,P.blanc,355,2021
31/03/2021,Nord,Bèja,Zouaraa,Cotière,Raie,P.blanc,1704,2021
31/03/2021,Nord,Ben Arous,Hammam lif,Cotière,Raie,P.blanc,85.2,2021
31/03/2021,Nord,Bizerte,Bizerte,Chalut benthique,Chien de mer,P.blanc,1029.6,2021
31/03/2021,Nord,Bizerte,Bizerte,Chalut benthique,Roussette,P.blanc,1263.6,2021
31/03/2021,Nord,Bizerte,Bizerte,Chalut benthique,Raie,P.blanc,1996.02,2021
31/03/2021,Nord,Bizerte,Bizerte,Cotière,Chien de mer,P.blanc,763.96,2021
31/03/2021,Nord,Bizerte,Mel. A.errahman,Lagunaire,Raie,P.blanc,37,2021
31/03/2021,Nord,Bizerte,Cap.Zebib,Cotière,Chien de mer,P.blanc,41.18,2021
31/03/2021,Nord,Bizerte,Cap.Zebib,Cotière,Raie,P.blanc,454.4,2021
31/03/2021,Nord,Bizerte,Ghar.El melh,Cotière,Roussette,P.blanc,171.82,2021
31/03/2021,Nord,Bizerte,Ghar.El melh,Cotière,Emissole,P.blanc,156.2,2021
31/03/2021,Nord,Bizerte,Sidi Mechreg,Cotière,Chien de mer,P.blanc,58.22,2021
31/03/2021,Nord,Jendouba,Tabarka,Chalut benthique,Chien de mer,P.blanc,643.5,2021
31/03/2021,Nord,Jendouba,Tabarka,Chalut benthique,Raie,P.blanc,1673.1,2021
31/03/2021,Nord,Jendouba,Tabarka,Cotière,Chien de mer,P.blanc,71,2021
31/03/2021,Nord,Jendouba,Tabarka,Cotière,Roussette,P.blanc,56.8,2021
31/03/2021,Nord,Jendouba,Tabarka,Cotière,Raie,P.blanc,71,2021
31/03/2021,Nord,Nabeul-N,Kélibia,Chalut benthique,Chien de mer,P.blanc,678.6,2021
31/03/2021,Nord,Nabeul-N,Kélibia,Chalut benthique,Roussette,P.blanc,1909.44,2021
31/03/2021,Nord,Nabeul-N,Kélibia,Chalut benthique,Raie,P.blanc,7471.62,2021
31/03/2021,Nord,Nabeul-N,Kélibia,Cotière,Chien de mer,P.blanc,2520.5,2021
31/03/2021,Nord,Nabeul-N,Kélibia,Cotière,Raie,P.blanc,447.3,2021
31/03/2021,Nord,Nabeul-N,Sidi Daoud,Cotière,Chien de mer,P.blanc,2896.8,2021
31/03/2021,Nord,Nabeul-N,Hammamet,Cotière,Chien de mer,P.blanc,28.4,2021
31/03/2021,Nord,Nabeul-N,Hammamet,Cotière,Raie,P.blanc,56.8,2021
31/03/2021,Nord,Nabeul-N,Hawaria,Cotière,Chien de mer,P.blanc,78.1,2021
31/03/2021,Nord,Tunis,La Goulette,Chalut benthique,Chien de mer,P.blanc,112.32,2021
31/03/2021,Nord,Tunis,La Goulette,Chalut benthique,Roussette,P.blanc,114.66,2021
31/03/2021,Nord,Tunis,La Goulette,Chalut benthique,Emissole,P.blanc,842.4,2021
31/03/2021,Nord,Tunis,La Goulette,Chalut benthique,Raie,P.blanc,781.56,2021
31/03/2021,Nord,Tunis,La Goulette,Cotière,Chien de mer,P.blanc,96.56,2021
31/03/2021,Sud,Medenine,Zarzis,Cotière,Chien de mer,P.blanc,1199.9,2021
31/03/2021,Sud,Medenine,Zarzis,Cotière,Emissole,P.blanc,8768.5,2021
31/03/2021,Sud,Medenine,Zarzis,Cotière,Raie,P.blanc,6922.5,2021
31/03/2021,Sud,Medenine,Zarzis,Cotière,Ange de mer,P.blanc,2584.4,2021
31/03/2021,Sud,Medenine,Houmtsouk,Cotière,Chien de mer,P.blanc,1363.2,2021
31/03/2021,Sud,Medenine,Houmtsouk,Cotière,Emissole,P.blanc,710,2021
31/03/2021,Sud,Medenine,Houmtsouk,Cotière,Raie,P.blanc,2982,2021
31/03/2021,Sud,Medenine,Houmtsouk,Cotière,Ange de mer,P.blanc,710,2021
31/03/2021,Sud,Medenine,Ajim,Cotière,Raie,P.blanc,1292.2,2021
31/03/2021,Sud,Medenine,Elketf,Cotière,Chien de mer,P.blanc,3550,2021
31/03/2021,Sud,Medenine,Elketf,Cotière,Emissole,P.blanc,11360,2021
31/03/2021,Sud,Medenine,Elketf,Cotière,Raie,P.blanc,3550,2021
31/03/2021,Sud,Medenine,Elgreen,Cotière,Raie,P.blanc,284,2021
31/03/2021,Sud,Sfax,Sfax,Chalut benthique,Chien de mer,P.blanc,312.39,2021
31/03/2021,Sud,Sfax,Sfax,Chalut benthique,Roussette,P.blanc,1439.1,2021
31/03/2021,Sud,Sfax,Sfax,Chalut benthique,Raie,P.blanc,2065.05,2021
31/03/2021,Sud,Sfax,Mellita,Cotière,Roussette,P.blanc,5538,2021
31/03/2021,Sud,Sfax,Mellita,Cotière,Raie,P.blanc,6816,2021
31/03/2021,Sud,Sfax,Kratten,Cotière,Roussette,P.blanc,994,2021
31/03/2021,Sud,Sfax,Attaya,Cotière,Chien de mer,P.blanc,1235.4,2021
31/03/2021,Sud,Sfax,Attaya,Cotière,Roussette,P.blanc,7483.4,2021
30/04/2021,Est,Mahdia,Mahdia,Chalut benthique,Chien de mer,P.blanc,2416.05,2021
30/04/2021,Est,Mahdia,Mahdia,Chalut benthique,Roussette,P.blanc,1622.79,2021
30/04/2021,Est,Mahdia,Mahdia,Chalut benthique,Raie,P.blanc,5529.42,2021
30/04/2021,Est,Mahdia,Mahdia,Cotière,Chien de mer,P.blanc,873.3,2021
30/04/2021,Est,Mahdia,Mahdia,Cotière,Raie,P.blanc,255.6,2021
30/04/2021,Est,Mahdia,Mahdia,Feu,Emissole,P.blanc,607.2,2021
30/04/2021,Est,Mahdia,Chebba,Chalut benthique,Chien de mer,P.blanc,47385,2021
30/04/2021,Est,Mahdia,Chebba,Chalut benthique,Raie,P.blanc,18135,2021
30/04/2021,Est,Mahdia,Chebba,Cotière,Chien de mer,P.blanc,7810,2021
30/04/2021,Est,Mahdia,Chebba,Cotière,Raie,P.blanc,1420,2021
30/04/2021,Est,Monastir,Monastir,Chalut benthique,Emissole,P.blanc,81.9,2021
30/04/2021,Est,Monastir,Monastir,Chalut benthique,Raie,P.blanc,1755,2021
30/04/2021,Est,Monastir,Monastir,Cotière,Emissole,P.blanc,355,2021
30/04/2021,Est,Monastir,Khnis,Cotière,Chien de mer,P.blanc,374.88,2021
30/04/2021,Est,Monastir,Khnis,Cotière,Raie,P.blanc,302.46,2021
30/04/2021,Est,Monastir,Ksibet el Madiouni,Cotière,Chien de mer,P.blanc,159.04,2021
30/04/2021,Est,Monastir,Sayada,Chalut benthique,Roussette,P.blanc,5.85,2021
30/04/2021,Est,Monastir,Sayada,Chalut benthique,Raie,P.blanc,520.65,2021
30/04/2021,Est,Monastir,Sayada,Cotière,Roussette,P.blanc,525.4,2021
30/04/2021,Est,Monastir,Teboulba,Chalut benthique,Chien de mer,P.blanc,458.64,2021
30/04/2021,Est,Monastir,Teboulba,Chalut benthique,Raie,P.blanc,2445.3,2021
30/04/2021,Est,Monastir,Teboulba,Cotière,Chien de mer,P.blanc,244.24,2021
30/04/2021,Est,Monastir,Teboulba,Cotière,Raie,P.blanc,313.82,2021
30/04/2021,Est,Monastir,Bekalta,Cotière,Emissole,P.blanc,1249.6,2021
30/04/2021,Est,Monastir,Bekalta,Cotière,Raie,P.blanc,1604.6,2021
30/04/2021,Est,Nabeul-E,Beni Khiar,Cotière,Chien de mer,P.blanc,106.5,2021
30/04/2021,Est,Nabeul-E,Beni Khiar,Cotière,Raie,P.blanc,724.2,2021
30/04/2021,Est,Sousse,Sousse,Chalut benthique,Chien de mer,P.blanc,1536.21,2021
30/04/2021,Est,Sousse,Sousse,Chalut benthique,Raie,P.blanc,7316.01,2021
30/04/2021,Est,Sousse,Sousse,Cotière,Chien de mer,P.blanc,426,2021
30/04/2021,Est,Sousse,Sousse,Cotière,Raie,P.blanc,426,2021
30/04/2021,Est,Sousse,Essaloum,Cotière,Raie,P.blanc,426,2021
30/04/2021,Est,Sousse,Hergla,Cotière,Chien de mer,P.blanc,142,2021
30/04/2021,Est,Sousse,Port el Kantaoui,Cotière,Chien de mer,P.blanc,284,2021
30/04/2021,Est,Sousse,Sidi Abdelhamid,Cotière,Chien de mer,P.blanc,284,2021
30/04/2021,Nord,Bèja,Zouaraa,Cotière,Raie,P.blanc,1278,2021
30/04/2021,Nord,Bizerte,Bizerte,Chalut benthique,Chien de mer,P.blanc,2765.88,2021
30/04/2021,Nord,Bizerte,Bizerte,Chalut benthique,Roussette,P.blanc,3990.87,2021
30/04/2021,Nord,Bizerte,Bizerte,Chalut benthique,Raie,P.blanc,5577.39,2021
30/04/2021,Nord,Bizerte,Bizerte,Cotière,Chien de mer,P.blanc,576.52,2021
30/04/2021,Nord,Bizerte,Bizerte,Cotière,Raie,P.blanc,142,2021
30/04/2021,Nord,Bizerte,Mel. A.errahman,Lagunaire,Raie,P.blanc,10,2021
30/04/2021,Nord,Bizerte,Cap.Zebib,Cotière,Raie,P.blanc,440.2,2021
30/04/2021,Nord,Bizerte,Ghar.El melh,Cotière,Roussette,P.blanc,78.1,2021
30/04/2021,Nord,Bizerte,Sidi Mechreg,Cotière,Chien de mer,P.blanc,553.8,2021
30/04/2021,Nord,Jendouba,Tabarka,Chalut benthique,Chien de mer,P.blanc,748.8,2021
30/04/2021,Nord,Jendouba,Tabarka,Chalut benthique,Raie,P.blanc,2749.5,2021
30/04/2021,Nord,Jendouba,Tabarka,Cotière,Chien de mer,P.blanc,156.2,2021
30/04/2021,Nord,Jendouba,Tabarka,Cotière,Roussette,P.blanc,184.6,2021
30/04/2021,Nord,Jendouba,Tabarka,Cotière,Raie,P.blanc,454.4,2021
30/04/2021,Nord,Jendouba,Tabarka,Cotière,Ange de mer,P.blanc,170.4,2021
30/04/2021,Nord,Nabeul-N,Kélibia,Chalut benthique,Chien de mer,P.blanc,1201.59,2021
30/04/2021,Nord,Nabeul-N,Kélibia,Chalut benthique,Roussette,P.blanc,1575.99,2021
30/04/2021,Nord,Nabeul-N,Kélibia,Chalut benthique,Raie,P.blanc,8590.14,2021
30/04/2021,Nord,Nabeul-N,Kélibia,Cotière,Chien de mer,P.blanc,1640.1,2021
30/04/2021,Nord,Nabeul-N,Kélibia,Cotière,Raie,P.blanc,1535.02,2021
30/04/2021,Nord,Nabeul-N,Sidi Daoud,Cotière,Chien de mer,P.blanc,1405.8,2021
30/04/2021,Nord,Nabeul-N,Hammamet,Cotière,Chien de mer,P.blanc,142,2021
30/04/2021,Nord,Nabeul-N,Hammamet,Cotière,Raie,P.blanc,170.4,2021
30/04/2021,Nord,Nabeul-N,Hawaria,Cotière,Chien de mer,P.blanc,487.06,2021
30/04/2021,Nord,Nabeul-N,Hawaria,Cotière,Raie,P.blanc,8.52,2021
30/04/2021,Nord,Tunis,La Goulette,Chalut benthique,Chien de mer,P.blanc,287.82,2021
30/04/2021,Nord,Tunis,La Goulette,Chalut benthique,Roussette,P.blanc,283.14,2021
30/04/2021,Nord,Tunis,La Goulette,Chalut benthique,Emissole,P.blanc,1278.81,2021
30/04/2021,Nord,Tunis,La Goulette,Chalut benthique,Raie,P.blanc,1427.4,2021
30/04/2021,Nord,Tunis,La Goulette,Cotière,Chien de mer,P.blanc,38.34,2021
30/04/2021,Nord,Tunis,La Goulette,Cotière,Raie,P.blanc,803.72,2021
30/04/2021,Sud,Gabes,Gabes,Cotière,Chien de mer,P.blanc,5751,2021
30/04/2021,Sud,Gabes,Gabes,Cotière,Raie,P.blanc,1888.6,2021
30/04/2021,Sud,Gabes,Ghannouche,Cotière,Raie,P.blanc,1136,2021
30/04/2021,Sud,Medenine,Zarzis,Chalut benthique,Emissole,P.blanc,81.9,2021
30/04/2021,Sud,Medenine,Zarzis,Chalut benthique,Raie,P.blanc,46.8,2021
30/04/2021,Sud,Medenine,Zarzis,Chalut benthique,Ange de mer,P.blanc,58.5,2021
30/04/2021,Sud,Medenine,Zarzis,Cotière,Chien de mer,P.blanc,8214.7,2021
30/04/2021,Sud,Medenine,Zarzis,Cotière,Emissole,P.blanc,7568.6,2021
30/04/2021,Sud,Medenine,Zarzis,Cotière,Raie,P.blanc,13383.5,2021
30/04/2021,Sud,Medenine,Zarzis,Cotière,Ange de mer,P.blanc,14583.4,2021
30/04/2021,Sud,Medenine,Houmtsouk,Cotière,Chien de mer,P.blanc,568,2021
30/04/2021,Sud,Medenine,Houmtsouk,Cotière,Emissole,P.blanc,468.6,2021
30/04/2021,Sud,Medenine,Houmtsouk,Cotière,Raie,P.blanc,2130,2021
30/04/2021,Sud,Medenine,Houmtsouk,Cotière,Ange de mer,P.blanc,766.8,2021
30/04/2021,Sud,Medenine,Ajim,Cotière,Raie,P.blanc,127.8,2021
30/04/2021,Sud,Medenine,Elketf,Cotière,Chien de mer,P.blanc,3635.2,2021
30/04/2021,Sud,Medenine,Elketf,Cotière,Emissole,P.blanc,14015.4,2021
30/04/2021,Sud,Medenine,Elketf,Cotière,Raie,P.blanc,11814.4,2021
30/04/2021,Sud,Medenine,Biban,Lagunaire,Raie,P.blanc,49,2021
30/04/2021,Sud,Sfax,Sfax,Chalut benthique,Chien de mer,P.blanc,1436.76,2021
30/04/2021,Sud,Sfax,Sfax,Chalut benthique,Roussette,P.blanc,3077.1,2021
30/04/2021,Sud,Sfax,Sfax,Chalut benthique,Raie,P.blanc,2992.86,2021
30/04/2021,Sud,Sfax,Sfax,Cotière,Raie,P.blanc,2857.0968,2021
30/04/2021,Sud,Sfax,Ellouza,Cotière,Raie,P.blanc,2840,2021
30/04/2021,Sud,Sfax,Sidi Mansour,Cotière,Raie,P.blanc,808.548,2021
30/04/2021,Sud,Sfax,Mellita,Cotière,Roussette,P.blanc,4160.6,2021
30/04/2021,Sud,Sfax,Mellita,Cotière,Raie,P.blanc,2783.2,2021
30/04/2021,Sud,Sfax,Kratten,Cotière,Roussette,P.blanc,284,2021
30/04/2021,Sud,Sfax,Attaya,Cotière,Chien de mer,P.blanc,3124,2021
30/04/2021,Sud,Sfax,Attaya,Cotière,Roussette,P.blanc,4757,2021
30/04/2021,Sud,Sfax,Attaya,Cotière,Raie,P.blanc,6603,2021
31/05/2021,Est,Mahdia,Mahdia,Chalut benthique,Chien de mer,P.blanc,1240.2,2021
31/05/2021,Est,Mahdia,Mahdia,Chalut benthique,Roussette,P.blanc,1862.64,2021
31/05/2021,Est,Mahdia,Mahdia,Chalut benthique,Raie,P.blanc,4908.15,2021
31/05/2021,Est,Mahdia,Mahdia,Cotière,Chien de mer,P.blanc,1216.94,2021
31/05/2021,Est,Mahdia,Mahdia,Cotière,Roussette,P.blanc,51.12,2021
31/05/2021,Est,Mahdia,Mahdia,Cotière,Raie,P.blanc,443.04,2021
31/05/2021,Est,Mahdia,Chebba,Chalut benthique,Chien de mer,P.blanc,40950,2021
31/05/2021,Est,Mahdia,Chebba,Chalut benthique,Raie,P.blanc,17784,2021
31/05/2021,Est,Mahdia,Chebba,Cotière,Chien de mer,P.blanc,28116,2021
31/05/2021,Est,Mahdia,Chebba,Cotière,Raie,P.blanc,2414,2021
31/05/2021,Est,Monastir,Monastir,Chalut benthique,Roussette,P.blanc,421.2,2021
31/05/2021,Est,Monastir,Monastir,Chalut benthique,Emissole,P.blanc,105.3,2021
31/05/2021,Est,Monastir,Monastir,Chalut benthique,Raie,P.blanc,382.59,2021
31/05/2021,Est,Monastir,Monastir,Cotière,Emissole,P.blanc,284,2021
31/05/2021,Est,Monastir,Monastir,Cotière,Raie,P.blanc,205.9,2021
31/05/2021,Est,Monastir,Khnis,Cotière,Raie,P.blanc,242.82,2021
31/05/2021,Est,Monastir,Ksibet el Madiouni,Cotière,Chien de mer,P.blanc,205.9,2021
31/05/2021,Est,Monastir,Sayada,Chalut benthique,Roussette,P.blanc,73.71,2021
31/05/2021,Est,Monastir,Sayada,Chalut benthique,Raie,P.blanc,244.53,2021
31/05/2021,Est,Monastir,Sayada,Cotière,Roussette,P.blanc,326.6,2021
31/05/2021,Est,Monastir,Teboulba,Chalut benthique,Chien de mer,P.blanc,249.21,2021
31/05/2021,Est,Monastir,Teboulba,Chalut benthique,Roussette,P.blanc,604.89,2021
31/05/2021,Est,Monastir,Teboulba,Cotière,Chien de mer,P.blanc,593.56,2021
31/05/2021,Est,Monastir,Teboulba,Cotière,Raie,P.blanc,318.08,2021
31/05/2021,Est,Monastir,Bekalta,Cotière,Emissole,P.blanc,1959.6,2021
31/05/2021,Est,Monastir,Bekalta,Cotière,Raie,P.blanc,2243.6,2021
31/05/2021,Est,Nabeul-E,Beni Khiar,Cotière,Chien de mer,P.blanc,170.4,2021
31/05/2021,Est,Nabeul-E,Beni Khiar,Cotière,Raie,P.blanc,639,2021
31/05/2021,Est,Sousse,Sousse,Chalut benthique,Chien de mer,P.blanc,304.2,2021
31/05/2021,Est,Sousse,Sousse,Chalut benthique,Raie,P.blanc,3042,2021
31/05/2021,Est,Sousse,Sousse,Cotière,Chien de mer,P.blanc,923,2021
31/05/2021,Est,Sousse,Sousse,Cotière,Raie,P.blanc,568,2021
31/05/2021,Est,Sousse,Essaloum,Cotière,Raie,P.blanc,142,2021
31/05/2021,Est,Sousse,Port el Kantaoui,Cotière,Chien de mer,P.blanc,142,2021
31/05/2021,Est,Sousse,Port el Kantaoui,Cotière,Raie,P.blanc,142,2021
31/05/2021,Est,Sousse,Sidi Abdelhamid,Cotière,Chien de mer,P.blanc,355,2021
31/05/2021,Est,Sousse,Sidi Abdelhamid,Cotière,Raie,P.blanc,170.4,2021
31/05/2021,Nord,Bèja,Zouaraa,Cotière,Raie,P.blanc,1420,2021
31/05/2021,Nord,Ben Arous,Rades,Cotière,Raie,P.blanc,127.8,2021
31/05/2021,Nord,Ben Arous,Ezzahra,Cotière,Raie,P.blanc,85.2,2021
31/05/2021,Nord,Ben Arous,Hammam lif,Cotière,Raie,P.blanc,113.6,2021
31/05/2021,Nord,Bizerte,Bizerte,Chalut benthique,Chien de mer,P.blanc,2733.12,2021
31/05/2021,Nord,Bizerte,Bizerte,Chalut benthique,Roussette,P.blanc,2985.84,2021
31/05/2021,Nord,Bizerte,Bizerte,Chalut benthique,Raie,P.blanc,3985.02,2021
31/05/2021,Nord,Bizerte,Bizerte,Cotière,Chien de mer,P.blanc,871.88,2021
31/05/2021,Nord,Bizerte,Cap.Zebib,Cotière,Chien de mer,P.blanc,55.38,2021
31/05/2021,Nord,Bizerte,Cap.Zebib,Cotière,Raie,P.blanc,156.2,2021
31/05/2021,Nord,Bizerte,Ghar.El melh,Cotière,Roussette,P.blanc,3010.4,2021
31/05/2021,Nord,Bizerte,Ghar.El melh,Cotière,Raie,P.blanc,19.88,2021
31/05/2021,Nord,Jendouba,Tabarka,Chalut benthique,Chien de mer,P.blanc,807.3,2021
31/05/2021,Nord,Jendouba,Tabarka,Chalut benthique,Raie,P.blanc,2094.3,2021
31/05/2021,Nord,Jendouba,Tabarka,Cotière,Chien de mer,P.blanc,724.2,2021
31/05/2021,Nord,Jendouba,Tabarka,Cotière,Roussette,P.blanc,340.8,2021
31/05/2021,Nord,Jendouba,Tabarka,Cotière,Raie,P.blanc,468.6,2021
31/05/2021,Nord,Nabeul-N,Kélibia,Chalut benthique,Chien de mer,P.blanc,1700.01,2021
31/05/2021,Nord,Nabeul-N,Kélibia,Chalut benthique,Roussette,P.blanc,1168.83,2021
31/05/2021,Nord,Nabeul-N,Kélibia,Chalut benthique,Raie,P.blanc,6644.43,2021
31/05/2021,Nord,Nabeul-N,Kélibia,Cotière,Chien de mer,P.blanc,15950.86,2021
31/05/2021,Nord,Nabeul-N,Kélibia,Cotière,Raie,P.blanc,1087.72,2021
31/05/2021,Nord,Nabeul-N,Sidi Daoud,Cotière,Chien de mer,P.blanc,2399.8,2021
31/05/2021,Nord,Nabeul-N,Hammamet,Cotière,Chien de mer,P.blanc,170.4,2021
31/05/2021,Nord,Nabeul-N,Hammamet,Cotière,Raie,P.blanc,71,2021
31/05/2021,Nord,Nabeul-N,Hawaria,Cotière,Chien de mer,P.blanc,274.06,2021
31/05/2021,Nord,Nabeul-N,Hawaria,Cotière,Emissole,P.blanc,7588.48,2021
31/05/2021,Nord,Tunis,La Goulette,Chalut benthique,Chien de mer,P.blanc,264.42,2021
31/05/2021,Nord,Tunis,La Goulette,Chalut benthique,Roussette,P.blanc,224.64,2021
31/05/2021,Nord,Tunis,La Goulette,Chalut benthique,Emissole,P.blanc,1038.96,2021
31/05/2021,Nord,Tunis,La Goulette,Chalut benthique,Raie,P.blanc,842.4,2021
31/05/2021,Nord,Tunis,La Goulette,Cotière,Chien de mer,P.blanc,176.08,2021
31/05/2021,Nord,Tunis,La Goulette,Cotière,Raie,P.blanc,215.84,2021
31/05/2021,Sud,Gabes,Gabes,Cotière,Chien de mer,P.blanc,4785.4,2021
31/05/2021,Sud,Gabes,Gabes,Cotière,Raie,P.blanc,2059,2021
31/05/2021,Sud,Gabes,Zarrat,Cotière,Chien de mer,P.blanc,71,2021
31/05/2021,Sud,Medenine,Zarzis,Chalut benthique,Raie,P.blanc,23.4,2021
31/05/2021,Sud,Medenine,Zarzis,Chalut benthique,Ange de mer,P.blanc,81.9,2021
31/05/2021,Sud,Medenine,Zarzis,Cotière,Chien de mer,P.blanc,2492.1,2021
31/05/2021,Sud,Medenine,Zarzis,Cotière,Emissole,P.blanc,10891.4,2021
31/05/2021,Sud,Medenine,Zarzis,Cotière,Raie,P.blanc,4338.1,2021
31/05/2021,Sud,Medenine,Zarzis,Cotière,Ange de mer,P.blanc,13014.3,2021
31/05/2021,Sud,Medenine,Houmtsouk,Cotière,Chien de mer,P.blanc,1704,2021
31/05/2021,Sud,Medenine,Houmtsouk,Cotière,Emissole,P.blanc,681.6,2021
31/05/2021,Sud,Medenine,Houmtsouk,Cotière,Raie,P.blanc,6645.6,2021
31/05/2021,Sud,Medenine,Houmtsouk,Cotière,Ange de mer,P.blanc,1136,2021
31/05/2021,Sud,Medenine,Ajim,Cotière,Raie,P.blanc,2158.4,2021
31/05/2021,Sud,Medenine,Elketf,Cotière,Chien de mer,P.blanc,1704,2021
31/05/2021,Sud,Medenine,Elketf,Cotière,Emissole,P.blanc,11360,2021
31/05/2021,Sud,Medenine,Elketf,Cotière,Raie,P.blanc,10650,2021
31/05/2021,Sud,Medenine,Elgreen,Cotière,Raie,P.blanc,710,2021
31/05/2021,Sud,Sfax,Sfax,Chalut benthique,Chien de mer,P.blanc,2073.24,2021
31/05/2021,Sud,Sfax,Sfax,Chalut benthique,Roussette,P.blanc,3049.02,2021
31/05/2021,Sud,Sfax,Sfax,Chalut benthique,Raie,P.blanc,3679.65,2021
31/05/2021,Sud,Sfax,Sfax,Cotière,Chien de mer,P.blanc,3571.3852,2021
31/05/2021,Sud,Sfax,Sfax,Cotière,Raie,P.blanc,4285.6594,2021
31/05/2021,Sud,Sfax,Ellouza,Cotière,Chien de mer,P.blanc,3550,2021
31/05/2021,Sud,Sfax,Ellouza,Cotière,Raie,P.blanc,4260,2021
31/05/2021,Sud,Sfax,Sidi Mansour,Cotière,Chien de mer,P.blanc,1010.685,2021
31/05/2021,Sud,Sfax,Sidi Mansour,Cotière,Raie,P.blanc,1212.822,2021
31/05/2021,Sud,Sfax,Mellita,Cotière,Roussette,P.blanc,284,2021
31/05/2021,Sud,Sfax,Attaya,Cotière,Roussette,P.blanc,4402,2021
31/05/2021,Sud,Sfax,Attaya,Cotière,Raie,P.blanc,4373.6,2021
30/06/2021,Est,Mahdia,Mahdia,Chalut benthique,Chien de mer,P.blanc,2008.89,2021
30/06/2021,Est,Mahdia,Mahdia,Chalut benthique,Raie,P.blanc,2925,2021
30/06/2021,Est,Mahdia,Mahdia,Cotière,Chien de mer,P.blanc,1096.24,2021
30/06/2021,Est,Mahdia,Mahdia,Cotière,Raie,P.blanc,150.52,2021
30/06/2021,Est,Mahdia,Chebba,Chalut benthique,Chien de mer,P.blanc,35100,2021
30/06/2021,Est,Mahdia,Chebba,Chalut benthique,Raie,P.blanc,16965,2021
30/06/2021,Est,Mahdia,Chebba,Cotière,Chien de mer,P.blanc,37630,2021
30/06/2021,Est,Mahdia,Chebba,Cotière,Raie,P.blanc,1704,2021
30/06/2021,Est,Monastir,Monastir,Chalut benthique,Emissole,P.blanc,702,2021
30/06/2021,Est,Monastir,Monastir,Chalut benthique,Raie,P.blanc,631.8,2021
30/06/2021,Est,Monastir,Monastir,Cotière,Chien de mer,P.blanc,994,2021
30/06/2021,Est,Monastir,Monastir,Cotière,Emissole,P.blanc,170.4,2021
30/06/2021,Est,Monastir,Monastir,Cotière,Raie,P.blanc,583.62,2021
30/06/2021,Est,Monastir,Khnis,Cotière,Chien de mer,P.blanc,383.4,2021
30/06/2021,Est,Monastir,Khnis,Cotière,Raie,P.blanc,156.2,2021
30/06/2021,Est,Monastir,Ksibet el Madiouni,Cotière,Chien de mer,P.blanc,497,2021
30/06/2021,Est,Monastir,Ksibet el Madiouni,Cotière,Roussette,P.blanc,227.2,2021
30/06/2021,Est,Monastir,Sayada,Chalut benthique,Roussette,P.blanc,17.55,2021
30/06/2021,Est,Monastir,Sayada,Chalut benthique,Raie,P.blanc,218.79,2021
30/06/2021,Est,Monastir,Sayada,Cotière,Roussette,P.blanc,624.8,2021
30/06/2021,Est,Monastir,Teboulba,Chalut benthique,Chien de mer,P.blanc,264.42,2021
30/06/2021,Est,Monastir,Teboulba,Cotière,Chien de mer,P.blanc,1748.02,2021
30/06/2021,Est,Monastir,Teboulba,Cotière,Raie,P.blanc,479.96,2021
30/06/2021,Est,Nabeul-E,Beni Khiar,Cotière,Chien de mer,P.blanc,149.1,2021
30/06/2021,Est,Nabeul-E,Beni Khiar,Cotière,Raie,P.blanc,1150.2,2021
30/06/2021,Est,Sousse,Sousse,Chalut benthique,Chien de mer,P.blanc,866.97,2021
30/06/2021,Est,Sousse,Sousse,Chalut benthique,Raie,P.blanc,4867.2,2021
30/06/2021,Est,Sousse,Sousse,Cotière,Chien de mer,P.blanc,1704,2021
30/06/2021,Est,Sousse,Sousse,Cotière,Raie,P.blanc,426,2021
30/06/2021,Est,Sousse,Essaloum,Cotière,Raie,P.blanc,56.8,2021
30/06/2021,Est,Sousse,Port el Kantaoui,Cotière,Chien de mer,P.blanc,213,2021
30/06/2021,Est,Sousse,Port el Kantaoui,Cotière,Raie,P.blanc,142,2021
30/06/2021,Est,Sousse,Sidi Abdelhamid,Cotière,Chien de mer,P.blanc,383.4,2021
30/06/2021,Est,Sousse,Sidi Abdelhamid,Cotière,Raie,P.blanc,284,2021
30/06/2021,Nord,Bèja,Zouaraa,Cotière,Raie,P.blanc,1420,2021
30/06/2021,Nord,Ben Arous,Rades,Cotière,Raie,P.blanc,113.6,2021
30/06/2021,Nord,Ben Arous,Ezzahra,Cotière,Raie,P.blanc,156.2,2021
30/06/2021,Nord,Ben Arous,Hammam lif,Cotière,Raie,P.blanc,99.4,2021
30/06/2021,Nord,Ben Arous,Borj Cédria,Cotière,Raie,P.blanc,113.6,2021
30/06/2021,Nord,Bizerte,Bizerte,Chalut benthique,Chien de mer,P.blanc,2894.58,2021
30/06/2021,Nord,Bizerte,Bizerte,Chalut benthique,Roussette,P.blanc,2969.46,2021
30/06/2021,Nord,Bizerte,Bizerte,Chalut benthique,Raie,P.blanc,5193.63,2021
30/06/2021,Nord,Bizerte,Bizerte,Cotière,Chien de mer,P.blanc,1084.88,2021
30/06/2021,Nord,Bizerte,Mel. A.errahman,Lagunaire,Raie,P.blanc,100,2021
30/06/2021,Nord,Bizerte,Cap.Zebib,Cotière,Chien de mer,P.blanc,99.4,2021
30/06/2021,Nord,Bizerte,Cap.Zebib,Cotière,Raie,P.blanc,56.8,2021
30/06/2021,Nord,Bizerte,Ghar.El melh,Cotière,Chien de mer,P.blanc,35.5,2021
30/06/2021,Nord,Bizerte,Ghar.El melh,Cotière,Roussette,P.blanc,42.6,2021
30/06/2021,Nord,Bizerte,Ghar.El melh,Cotière,Raie,P.blanc,71,2021
30/06/2021,Nord,Jendouba,Tabarka,Chalut benthique,Chien de mer,P.blanc,924.3,2021
30/06/2021,Nord,Jendouba,Tabarka,Chalut benthique,Raie,P.blanc,3767.4,2021
30/06/2021,Nord,Jendouba,Tabarka,Cotière,Chien de mer,P.blanc,298.2,2021
30/06/2021,Nord,Jendouba,Tabarka,Cotière,Roussette,P.blanc,170.4,2021
30/06/2021,Nord,Jendouba,Tabarka,Cotière,Raie,P.blanc,213,2021
30/06/2021,Nord,Nabeul-N,Kélibia,Chalut benthique,Chien de mer,P.blanc,1482.39,2021
30/06/2021,Nord,Nabeul-N,Kélibia,Chalut benthique,Roussette,P.blanc,2394.99,2021
30/06/2021,Nord,Nabeul-N,Kélibia,Chalut benthique,Raie,P.blanc,4522.05,2021
30/06/2021,Nord,Nabeul-N,Kélibia,Cotière,Chien de mer,P.blanc,3706.2,2021
30/06/2021,Nord,Nabeul-N,Kélibia,Cotière,Raie,P.blanc,1803.4,2021
30/06/2021,Nord,Nabeul-N,Sidi Daoud,Cotière,Chien de mer,P.blanc,1022.4,2021
30/06/2021,Nord,Nabeul-N,Hammamet,Cotière,Chien de mer,P.blanc,170.4,2021
30/06/2021,Nord,Nabeul-N,Hammamet,Cotière,Raie,P.blanc,113.6,2021
30/06/2021,Nord,Nabeul-N,Hawaria,Cotière,Chien de mer,P.blanc,587.88,2021
30/06/2021,Nord,Nabeul-N,Hawaria,Cotière,Raie,P.blanc,306.72,2021
30/06/2021,Nord,Tunis,La Goulette,Chalut benthique,Chien de mer,P.blanc,473.85,2021
30/06/2021,Nord,Tunis,La Goulette,Chalut benthique,Roussette,P.blanc,329.94,2021
30/06/2021,Nord,Tunis,La Goulette,Chalut benthique,Emissole,P.blanc,1474.2,2021
30/06/2021,Nord,Tunis,La Goulette,Chalut benthique,Raie,P.blanc,1350.18,2021
30/06/2021,Nord,Tunis,La Goulette,Cotière,Chien de mer,P.blanc,9.94,2021
30/06/2021,Sud,Gabes,Gabes,Cotière,Chien de mer,P.blanc,5949.8,2021
30/06/2021,Sud,Gabes,Gabes,Cotière,Raie,P.blanc,1192.8,2021
30/06/2021,Sud,Gabes,Zarrat,Cotière,Raie,P.blanc,142,2021
30/06/2021,Sud,Medenine,Zarzis,Chalut benthique,Raie,P.blanc,526.5,2021
30/06/2021,Sud,Medenine,Zarzis,Cotière,Chien de mer,P.blanc,9414.6,2021
30/06/2021,Sud,Medenine,Zarzis,Cotière,Emissole,P.blanc,738.4,2021
30/06/2021,Sud,Medenine,Zarzis,Cotière,Raie,P.blanc,7937.8,2021
30/06/2021,Sud,Medenine,Zarzis,Cotière,Ange de mer,P.blanc,21229,2021
30/06/2021,Sud,Medenine,Houmtsouk,Cotière,Chien de mer,P.blanc,2698,2021
30/06/2021,Sud,Medenine,Houmtsouk,Cotière,Emissole,P.blanc,2371.4,2021
30/06/2021,Sud,Medenine,Houmtsouk,Cotière,Raie,P.blanc,4260,2021
30/06/2021,Sud,Medenine,Houmtsouk,Cotière,Ange de mer,P.blanc,2996.2,2021
30/06/2021,Sud,Medenine,Ajim,Cotière,Raie,P.blanc,1306.4,2021
30/06/2021,Sud,Medenine,Elketf,Cotière,Chien de mer,P.blanc,6035,2021
30/06/2021,Sud,Medenine,Elketf,Cotière,Emissole,P.blanc,9088,2021
30/06/2021,Sud,Medenine,Elketf,Cotière,Raie,P.blanc,11928,2021
30/06/2021,Sud,Medenine,Biban,Lagunaire,Raie,P.blanc,61,2021
30/06/2021,Sud,Medenine,Elgreen,Cotière,Raie,P.blanc,284,2021
30/06/2021,Sud,Sfax,Sfax,Chalut benthique,Chien de mer,P.blanc,2713.23,2021
30/06/2021,Sud,Sfax,Sfax,Chalut benthique,Roussette,P.blanc,2267.46,2021
30/06/2021,Sud,Sfax,Sfax,Chalut benthique,Raie,P.blanc,4257.63,2021
30/06/2021,Sud,Sfax,Ellouza,Cotière,Chien de mer,P.blanc,1420,2021
30/06/2021,Sud,Sfax,Ellouza,Cotière,Raie,P.blanc,14200,2021
30/06/2021,Sud,Sfax,Attaya,Cotière,Roussette,P.blanc,5112,2021
31/07/2021,Est,Mahdia,Mahdia,Chalut benthique,Chien de mer,P.blanc,690.3,2021
31/07/2021,Est,Mahdia,Mahdia,Chalut benthique,Roussette,P.blanc,1872,2021
31/07/2021,Est,Mahdia,Mahdia,Chalut benthique,Raie,P.blanc,2761.2,2021
31/07/2021,Est,Mahdia,Mahdia,Cotière,Chien de mer,P.blanc,1739.5,2021
31/07/2021,Est,Mahdia,Mahdia,Cotière,Raie,P.blanc,255.6,2021
31/07/2021,Est,Mahdia,Chebba,Cotière,Chien de mer,P.blanc,56970.4,2021
31/07/2021,Est,Mahdia,Chebba,Cotière,Raie,P.blanc,2201,2021
31/07/2021,Est,Monastir,Monastir,Chalut benthique,Chien de mer,P.blanc,138.06,2021
31/07/2021,Est,Monastir,Monastir,Chalut benthique,Emissole,P.blanc,421.2,2021
31/07/2021,Est,Monastir,Monastir,Chalut benthique,Raie,P.blanc,678.6,2021
31/07/2021,Est,Monastir,Monastir,Cotière,Chien de mer,P.blanc,52.54,2021
31/07/2021,Est,Monastir,Monastir,Cotière,Emissole,P.blanc,44.02,2021
31/07/2021,Est,Monastir,Monastir,Cotière,Raie,P.blanc,352.16,2021
31/07/2021,Est,Monastir,Khnis,Cotière,Raie,P.blanc,159.04,2021
31/07/2021,Est,Monastir,Ksibet el Madiouni,Cotière,Chien de mer,P.blanc,511.2,2021
31/07/2021,Est,Monastir,Ksibet el Madiouni,Cotière,Roussette,P.blanc,355,2021
31/07/2021,Est,Monastir,Ksibet el Madiouni,Cotière,Raie,P.blanc,170.4,2021
31/07/2021,Est,Monastir,Sayada,Chalut benthique,Roussette,P.blanc,32.76,2021
31/07/2021,Est,Monastir,Sayada,Chalut benthique,Raie,P.blanc,128.7,2021
31/07/2021,Est,Monastir,Sayada,Cotière,Roussette,P.blanc,383.4,2021
31/07/2021,Est,Monastir,Teboulba,Chalut benthique,Chien de mer,P.blanc,1449.63,2021
31/07/2021,Est,Monastir,Teboulba,Chalut benthique,Raie,P.blanc,990.99,2021
31/07/2021,Est,Monastir,Teboulba,Cotière,Chien de mer,P.blanc,8253.04,2021
31/07/2021,Est,Monastir,Teboulba,Cotière,Raie,P.blanc,1080.62,2021
31/07/2021,Est,Monastir,Bekalta,Cotière,Emissole,P.blanc,2825.8,2021
31/07/2021,Est,Monastir,Bekalta,Cotière,Raie,P.blanc,2911,2021
31/07/2021,Est,Nabeul-E,Beni Khiar,Cotière,Chien de mer,P.blanc,149.1,2021
31/07/2021,Est,Nabeul-E,Beni Khiar,Cotière,Raie,P.blanc,724.2,2021
31/07/2021,Est,Sousse,Sousse,Chalut benthique,Chien de mer,P.blanc,60.84,2021
31/07/2021,Est,Sousse,Sousse,Chalut benthique,Raie,P.blanc,745.29,2021
31/07/2021,Est,Sousse,Sousse,Cotière,Chien de mer,P.blanc,213,2021
31/07/2021,Est,Sousse,Sousse,Cotière,Raie,P.blanc,142,2021
31/07/2021,Est,Sousse,Port el Kantaoui,Cotière,Chien de mer,P.blanc,142,2021
31/07/2021,Est,Sousse,Port el Kantaoui,Cotière,Raie,P.blanc,142,2021
31/07/2021,Nord,Bèja,Zouaraa,Cotière,Raie,P.blanc,1562,2021
31/07/2021,Nord,Ben Arous,Rades,Cotière,Raie,P.blanc,213,2021
31/07/2021,Nord,Ben Arous,Ezzahra,Cotière,Raie,P.blanc,163.3,2021
31/07/2021,Nord,Ben Arous,Hammam lif,Cotière,Raie,P.blanc,362.1,2021
31/07/2021,Nord,Bizerte,Bizerte,Chalut benthique,Chien de mer,P.blanc,2239.38,2021
31/07/2021,Nord,Bizerte,Bizerte,Chalut benthique,Roussette,P.blanc,1774.89,2021
31/07/2021,Nord,Bizerte,Bizerte,Chalut benthique,Raie,P.blanc,2489.76,2021
31/07/2021,Nord,Bizerte,Bizerte,Cotière,Chien de mer,P.blanc,1192.8,2021
31/07/2021,Nord,Bizerte,Mel. A.errahman,Lagunaire,Raie,P.blanc,25,2021
31/07/2021,Nord,Bizerte,Cap.Zebib,Cotière,Chien de mer,P.blanc,48.28,2021
31/07/2021,Nord,Bizerte,Ghar.El melh,Cotière,Chien de mer,P.blanc,35.5,2021
31/07/2021,Nord,Bizerte,Ghar.El melh,Cotière,Roussette,P.blanc,63.9,2021
31/07/2021,Nord,Bizerte,Sidi Mechreg,Cotière,Chien de mer,P.blanc,71,2021
31/07/2021,Nord,Jendouba,Tabarka,Chalut benthique,Chien de mer,P.blanc,239.85,2021
31/07/2021,Nord,Jendouba,Tabarka,Chalut benthique,Raie,P.blanc,1029.6,2021
31/07/2021,Nord,Jendouba,Tabarka,Cotière,Chien de mer,P.blanc,170.4,2021
31/07/2021,Nord,Jendouba,Tabarka,Cotière,Roussette,P.blanc,355,2021
31/07/2021,Nord,Jendouba,Tabarka,Cotière,Raie,P.blanc,355,2021
31/07/2021,Nord,Jendouba,Tabarka,Feu,Chien de mer,P.blanc,4370,2021
31/07/2021,Nord,Nabeul-N,Kélibia,Chalut benthique,Chien de mer,P.blanc,608.4,2021
31/07/2021,Nord,Nabeul-N,Kélibia,Chalut benthique,Roussette,P.blanc,1160.64,2021
31/07/2021,Nord,Nabeul-N,Kélibia,Chalut benthique,Raie,P.blanc,2770.56,2021
31/07/2021,Nord,Nabeul-N,Kélibia,Cotière,Chien de mer,P.blanc,2310.34,2021
31/07/2021,Nord,Nabeul-N,Kélibia,Cotière,Raie,P.blanc,1921.26,2021
31/07/2021,Nord,Nabeul-N,Sidi Daoud,Cotière,Chien de mer,P.blanc,390.5,2021
31/07/2021,Nord,Nabeul-N,Hammamet,Cotière,Chien de mer,P.blanc,99.4,2021
31/07/2021,Nord,Nabeul-N,Hammamet,Cotière,Roussette,P.blanc,170.4,2021
31/07/2021,Nord,Nabeul-N,Hammamet,Cotière,Raie,P.blanc,42.6,2021
31/07/2021,Nord,Nabeul-N,Hawaria,Cotière,Chien de mer,P.blanc,106.5,2021
31/07/2021,Nord,Nabeul-N,Hawaria,Cotière,Raie,P.blanc,241.4,2021
31/07/2021,Nord,Tunis,La Goulette,Chalut benthique,Chien de mer,P.blanc,194.22,2021
31/07/2021,Nord,Tunis,La Goulette,Chalut benthique,Roussette,P.blanc,117,2021
31/07/2021,Nord,Tunis,La Goulette,Chalut benthique,Emissole,P.blanc,351,2021
31/07/2021,Nord,Tunis,La Goulette,Chalut benthique,Raie,P.blanc,493.74,2021
31/07/2021,Sud,Gabes,Gabes,Cotière,Chien de mer,P.blanc,4118,2021
31/07/2021,Sud,Gabes,Gabes,Cotière,Raie,P.blanc,852,2021
31/07/2021,Sud,Gabes,Ghannouche,Cotière,Raie,P.blanc,710,2021
31/07/2021,Sud,Medenine,Zarzis,Cotière,Chien de mer,P.blanc,12737.4,2021
31/07/2021,Sud,Medenine,Zarzis,Cotière,Emissole,P.blanc,2399.8,2021
31/07/2021,Sud,Medenine,Zarzis,Cotière,Raie,P.blanc,6553.3,2021
31/07/2021,Sud,Medenine,Zarzis,Cotière,Ange de mer,P.blanc,2953.6,2021
31/07/2021,Sud,Medenine,Houmtsouk,Cotière,Chien de mer,P.blanc,5680,2021
31/07/2021,Sud,Medenine,Houmtsouk,Cotière,Emissole,P.blanc,4771.2,2021
31/07/2021,Sud,Medenine,Houmtsouk,Cotière,Raie,P.blanc,7426.6,2021
31/07/2021,Sud,Medenine,Houmtsouk,Cotière,Ange de mer,P.blanc,6347.4,2021
31/07/2021,Sud,Medenine,Ajim,Cotière,Raie,P.blanc,1576.2,2021
31/07/2021,Sud,Medenine,Boughrara,Cotière,Ange de mer,P.blanc,149.1,2021
31/07/2021,Sud,Medenine,Elketf,Cotière,Chien de mer,P.blanc,3266,2021
31/07/2021,Sud,Medenine,Elketf,Cotière,Emissole,P.blanc,6106,2021
31/07/2021,Sud,Medenine,Elketf,Cotière,Raie,P.blanc,7668,2021
31/07/2021,Sud,Sfax,Sfax,Cotière,Chien de mer,P.blanc,1012.6446,2021
31/07/2021,Sud,Sfax,Sfax,Cotière,Raie,P.blanc,5063.223,2021
31/07/2021,Sud,Sfax,Ellouza,Cotière,Chien de mer,P.blanc,1420,2021
31/07/2021,Sud,Sfax,Ellouza,Cotière,Raie,P.blanc,7100,2021
31/07/2021,Sud,Sfax,Sidi Mansour,Cotière,Chien de mer,P.blanc,288.0896,2021
31/07/2021,Sud,Sfax,Sidi Mansour,Cotière,Raie,P.blanc,1440.4764,2021
31/07/2021,Sud,Sfax,Mellita,Cotière,Chien de mer,P.blanc,710,2021
31/07/2021,Sud,Sfax,Attaya,Cotière,Roussette,P.blanc,5154.6,2021
31/08/2021,Est,Mahdia,Mahdia,Chalut benthique,Chien de mer,P.blanc,836.55,2021
31/08/2021,Est,Mahdia,Mahdia,Chalut benthique,Roussette,P.blanc,5775.12,2021
31/08/2021,Est,Mahdia,Mahdia,Chalut benthique,Raie,P.blanc,2743.65,2021
31/08/2021,Est,Mahdia,Mahdia,Cotière,Chien de mer,P.blanc,85.2,2021
31/08/2021,Est,Mahdia,Mahdia,Cotière,Roussette,P.blanc,102.24,2021
31/08/2021,Est,Mahdia,Mahdia,Cotière,Raie,P.blanc,323.76,2021
31/08/2021,Est,Mahdia,Chebba,Cotière,Chien de mer,P.blanc,54670,2021
31/08/2021,Est,Mahdia,Chebba,Cotière,Raie,P.blanc,2470.8,2021
31/08/2021,Est,Monastir,Monastir,Chalut benthique,Emissole,P.blanc,386.1,2021
31/08/2021,Est,Monastir,Monastir,Chalut benthique,Raie,P.blanc,585,2021
31/08/2021,Est,Monastir,Monastir,Cotière,Chien de mer,P.blanc,497,2021
31/08/2021,Est,Monastir,Monastir,Cotière,Raie,P.blanc,56.8,2021
31/08/2021,Est,Monastir,Ksibet el Madiouni,Cotière,Chien de mer,P.blanc,218.68,2021
31/08/2021,Est,Monastir,Sayada,Cotière,Roussette,P.blanc,397.6,2021
31/08/2021,Est,Monastir,Teboulba,Chalut benthique,Chien de mer,P.blanc,1595.88,2021
31/08/2021,Est,Monastir,Teboulba,Chalut benthique,Raie,P.blanc,1076.4,2021
31/08/2021,Est,Monastir,Teboulba,Cotière,Chien de mer,P.blanc,5455.64,2021
31/08/2021,Est,Monastir,Teboulba,Cotière,Raie,P.blanc,2304.66,2021
31/08/2021,Est,Monastir,Bekalta,Cotière,Emissole,P.blanc,2641.2,2021
31/08/2021,Est,Monastir,Bekalta,Cotière,Raie,P.blanc,4146.4,2021
31/08/2021,Est,Nabeul-E,Beni Khiar,Cotière,Chien de mer,P.blanc,1491,2021
31/08/2021,Est,Nabeul-E,Beni Khiar,Cotière,Raie,P.blanc,617.7,2021
31/08/2021,Est,Sousse,Sousse,Chalut benthique,Chien de mer,P.blanc,395.46,2021
31/08/2021,Est,Sousse,Sousse,Chalut benthique,Raie,P.blanc,2448.81,2021
31/08/2021,Est,Sousse,Sousse,Cotière,Chien de mer,P.blanc,497,2021
31/08/2021,Est,Sousse,Sousse,Cotière,Raie,P.blanc,497,2021
31/08/2021,Est,Sousse,Hergla,Cotière,Chien de mer,P.blanc,2333.06,2021
31/08/2021,Est,Sousse,Port el Kantaoui,Cotière,Chien de mer,P.blanc,284,2021
31/08/2021,Est,Sousse,Port el Kantaoui,Cotière,Raie,P.blanc,213,2021
31/08/2021,Est,Sousse,Sidi Abdelhamid,Cotière,Chien de mer,P.blanc,284,2021
31/08/2021,Nord,Bèja,Zouaraa,Cotière,Raie,P.blanc,1136,2021
31/08/2021,Nord,Ben Arous,Rades,Cotière,Raie,P.blanc,170.4,2021
31/08/2021,Nord,Ben Arous,Ezzahra,Cotière,Raie,P.blanc,163.3,2021
31/08/2021,Nord,Ben Arous,Hammam lif,Cotière,Raie,P.blanc,63.9,2021
31/08/2021,Nord,Bizerte,Bizerte,Chalut benthique,Chien de mer,P.blanc,2545.92,2021
31/08/2021,Nord,Bizerte,Bizerte,Chalut benthique,Roussette,P.blanc,1930.5,2021
31/08/2021,Nord,Bizerte,Bizerte,Chalut benthique,Raie,P.blanc,3793.14,2021
31/08/2021,Nord,Bizerte,Bizerte,Cotière,Chien de mer,P.blanc,1963.86,2021
31/08/2021,Nord,Bizerte,Mel. A.errahman,Lagunaire,Raie,P.blanc,50,2021
31/08/2021,Nord,Bizerte,Cap.Zebib,Cotière,Chien de mer,P.blanc,227.2,2021
31/08/2021,Nord,Bizerte,Cap.Zebib,Cotière,Raie,P.blanc,340.8,2021
31/08/2021,Nord,Bizerte,Ghar.El melh,Cotière,Chien de mer,P.blanc,59.64,2021
31/08/2021,Nord,Bizerte,Ghar.El melh,Cotière,Roussette,P.blanc,85.2,2021
31/08/2021,Nord,Bizerte,Sidi Mechreg,Cotière,Chien de mer,P.blanc,142,2021
31/08/2021,Nord,Jendouba,Tabarka,Chalut benthique,Chien de mer,P.blanc,468,2021
31/08/2021,Nord,Jendouba,Tabarka,Chalut benthique,Raie,P.blanc,1193.4,2021
31/08/2021,Nord,Jendouba,Tabarka,Cotière,Chien de mer,P.blanc,568,2021
31/08/2021,Nord,Jendouba,Tabarka,Cotière,Roussette,P.blanc,639,2021
31/08/2021,Nord,Jendouba,Tabarka,Cotière,Raie,P.blanc,568,2021
31/08/2021,Nord,Nabeul-N,Kélibia,Chalut benthique,Chien de mer,P.blanc,2165.67,2021
31/08/2021,Nord,Nabeul-N,Kélibia,Chalut benthique,Roussette,P.blanc,1692.99,2021
31/08/2021,Nord,Nabeul-N,Kélibia,Chalut benthique,Raie,P.blanc,4096.17,2021
31/08/2021,Nord,Nabeul-N,Kélibia,Cotière,Chien de mer,P.blanc,2433.88,2021
31/08/2021,Nord,Nabeul-N,Kélibia,Cotière,Raie,P.blanc,986.9,2021
31/08/2021,Nord,Nabeul-N,Hammamet,Cotière,Chien de mer,P.blanc,454.4,2021
31/08/2021,Nord,Nabeul-N,Hammamet,Cotière,Raie,P.blanc,113.6,2021
31/08/2021,Nord,Nabeul-N,Hawaria,Cotière,Chien de mer,P.blanc,1033.76,2021
31/08/2021,Nord,Tunis,La Goulette,Chalut benthique,Chien de mer,P.blanc,622.44,2021
31/08/2021,Nord,Tunis,La Goulette,Chalut benthique,Roussette,P.blanc,355.68,2021
31/08/2021,Nord,Tunis,La Goulette,Chalut benthique,Emissole,P.blanc,589.68,2021
31/08/2021,Nord,Tunis,La Goulette,Chalut benthique,Raie,P.blanc,973.44,2021
31/08/2021,Nord,Tunis,La Goulette,Cotière,Chien de mer,P.blanc,134.9,2021
31/08/2021,Nord,Tunis,La Goulette,Cotière,Raie,P.blanc,213,2021
31/08/2021,Sud,Gabes,Gabes,Cotière,Chien de mer,P.blanc,6262.2,2021
31/08/2021,Sud,Medenine,Zarzis,Cotière,Chien de mer,P.blanc,33412.6,2021
31/08/2021,Sud,Medenine,Zarzis,Cotière,Raie,P.blanc,2953.6,2021
31/08/2021,Sud,Medenine,Zarzis,Cotière,Ange de mer,P.blanc,55749.2,2021
31/08/2021,Sud,Medenine,Houmtsouk,Cotière,Chien de mer,P.blanc,2911,2021
31/08/2021,Sud,Medenine,Houmtsouk,Cotière,Emissole,P.blanc,1420,2021
31/08/2021,Sud,Medenine,Houmtsouk,Cotière,Raie,P.blanc,7100,2021
31/08/2021,Sud,Medenine,Houmtsouk,Cotière,Ange de mer,P.blanc,2868.4,2021
31/08/2021,Sud,Medenine,Ajim,Cotière,Raie,P.blanc,2016.4,2021
31/08/2021,Sud,Medenine,Elketf,Cotière,Chien de mer,P.blanc,738.4,2021
31/08/2021,Sud,Medenine,Elketf,Cotière,Emissole,P.blanc,1562,2021
31/08/2021,Sud,Medenine,Elketf,Cotière,Raie,P.blanc,1136,2021
31/08/2021,Sud,Sfax,Sfax,Cotière,Chien de mer,P.blanc,926.337,2021
31/08/2021,Sud,Sfax,Sfax,Cotière,Raie,P.blanc,2779.0252,2021
31/08/2021,Sud,Sfax,Ellouza,Cotière,Chien de mer,P.blanc,1420,2021
31/08/2021,Sud,Sfax,Ellouza,Cotière,Raie,P.blanc,4260,2021
31/08/2021,Sud,Sfax,Sidi Mansour,Cotière,Chien de mer,P.blanc,263.5378,2021
31/08/2021,Sud,Sfax,Sidi Mansour,Cotière,Raie,P.blanc,790.6276,2021
31/08/2021,Sud,Sfax,Skhira,Cotière,Chien de mer,P.blanc,2840,2021
31/08/2021,Sud,Sfax,Kratten,Cotière,Roussette,P.blanc,497,2021
31/08/2021,Sud,Sfax,Kratten,Cotière,Raie,P.blanc,923,2021
31/08/2021,Sud,Sfax,Attaya,Cotière,Chien de mer,P.blanc,5751,2021
31/08/2021,Sud,Sfax,Attaya,Cotière,Roussette,P.blanc,6887,2021
31/08/2021,Sud,Sfax,Attaya,Cotière,Raie,P.blanc,5751,2021
30/09/2021,Est,Mahdia,Mahdia,Chalut benthique,Chien de mer,P.blanc,3106.35,2021
30/09/2021,Est,Mahdia,Mahdia,Chalut benthique,Roussette,P.blanc,7700.94,2021
30/09/2021,Est,Mahdia,Mahdia,Chalut benthique,Raie,P.blanc,4586.4,2021
30/09/2021,Est,Mahdia,Mahdia,Cotière,Chien de mer,P.blanc,514.04,2021
30/09/2021,Est,Mahdia,Mahdia,Cotière,Raie,P.blanc,477.12,2021
30/09/2021,Est,Mahdia,Chebba,Cotière,Chien de mer,P.blanc,49842,2021
30/09/2021,Est,Mahdia,Chebba,Cotière,Raie,P.blanc,2130,2021
30/09/2021,Est,Monastir,Monastir,Chalut benthique,Emissole,P.blanc,234,2021
30/09/2021,Est,Monastir,Monastir,Chalut benthique,Raie,P.blanc,1017.9,2021
30/09/2021,Est,Monastir,Monastir,Cotière,Roussette,P.blanc,468.6,2021
30/09/2021,Est,Monastir,Khnis,Cotière,Raie,P.blanc,177.5,2021
30/09/2021,Est,Monastir,Sayada,Cotière,Roussette,P.blanc,284,2021
30/09/2021,Est,Monastir,Teboulba,Chalut benthique,Chien de mer,P.blanc,256.23,2021
30/09/2021,Est,Monastir,Teboulba,Chalut benthique,Raie,P.blanc,452.79,2021
30/09/2021,Est,Monastir,Teboulba,Cotière,Chien de mer,P.blanc,1759.38,2021
30/09/2021,Est,Monastir,Teboulba,Cotière,Raie,P.blanc,498.42,2021
30/09/2021,Est,Monastir,Bekalta,Cotière,Roussette,P.blanc,2044.8,2021
30/09/2021,Est,Monastir,Bekalta,Cotière,Emissole,P.blanc,2641.2,2021
30/09/2021,Est,Nabeul-E,Beni Khiar,Cotière,Chien de mer,P.blanc,340.8,2021
30/09/2021,Est,Nabeul-E,Beni Khiar,Cotière,Raie,P.blanc,447.3,2021
30/09/2021,Est,Sousse,Sousse,Chalut benthique,Chien de mer,P.blanc,577.98,2021
30/09/2021,Est,Sousse,Sousse,Chalut benthique,Raie,P.blanc,3285.36,2021
30/09/2021,Est,Sousse,Sousse,Cotière,Chien de mer,P.blanc,497,2021
30/09/2021,Est,Sousse,Sousse,Cotière,Raie,P.blanc,355,2021
30/09/2021,Est,Sousse,Hergla,Cotière,Chien de mer,P.blanc,426,2021
30/09/2021,Est,Sousse,Port el Kantaoui,Cotière,Chien de mer,P.blanc,213,2021
30/09/2021,Est,Sousse,Port el Kantaoui,Cotière,Raie,P.blanc,142,2021
30/09/2021,Est,Sousse,Sidi Abdelhamid,Cotière,Chien de mer,P.blanc,355,2021
30/09/2021,Nord,Bèja,Zouaraa,Cotière,Raie,P.blanc,1278,2021
30/09/2021,Nord,Ben Arous,Ezzahra,Cotière,Raie,P.blanc,184.6,2021
30/09/2021,Nord,Bizerte,Bizerte,Chalut benthique,Chien de mer,P.blanc,3407.04,2021
30/09/2021,Nord,Bizerte,Bizerte,Chalut benthique,Roussette,P.blanc,1526.85,2021
30/09/2021,Nord,Bizerte,Bizerte,Chalut benthique,Raie,P.blanc,1912.95,2021
30/09/2021,Nord,Bizerte,Bizerte,Cotière,Chien de mer,P.blanc,528.24,2021
30/09/2021,Nord,Bizerte,Mel. A.errahman,Lagunaire,Raie,P.blanc,50,2021
30/09/2021,Nord,Bizerte,Cap.Zebib,Cotière,Chien de mer,P.blanc,184.6,2021
30/09/2021,Nord,Bizerte,Cap.Zebib,Cotière,Raie,P.blanc,85.2,2021
30/09/2021,Nord,Bizerte,Ghar.El melh,Cotière,Chien de mer,P.blanc,430.26,2021
30/09/2021,Nord,Jendouba,Tabarka,Chalut benthique,Chien de mer,P.blanc,386.1,2021
30/09/2021,Nord,Jendouba,Tabarka,Chalut benthique,Raie,P.blanc,819,2021
30/09/2021,Nord,Jendouba,Tabarka,Cotière,Chien de mer,P.blanc,355,2021
30/09/2021,Nord,Jendouba,Tabarka,Cotière,Roussette,P.blanc,497,2021
30/09/2021,Nord,Jendouba,Tabarka,Cotière,Raie,P.blanc,553.8,2021
30/09/2021,Nord,Jendouba,Tabarka,Cotière,Ange de mer,P.blanc,497,2021
30/09/2021,Nord,Nabeul-N,Kélibia,Chalut benthique,Chien de mer,P.blanc,1605.24,2021
30/09/2021,Nord,Nabeul-N,Kélibia,Chalut benthique,Roussette,P.blanc,1759.68,2021
30/09/2021,Nord,Nabeul-N,Kélibia,Chalut benthique,Raie,P.blanc,3804.84,2021
30/09/2021,Nord,Nabeul-N,Kélibia,Cotière,Chien de mer,P.blanc,4001.56,2021
30/09/2021,Nord,Nabeul-N,Kélibia,Cotière,Raie,P.blanc,579.36,2021
30/09/2021,Nord,Nabeul-N,Sidi Daoud,Cotière,Chien de mer,P.blanc,418.9,2021
30/09/2021,Nord,Nabeul-N,Hammamet,Cotière,Chien de mer,P.blanc,568,2021
30/09/2021,Nord,Nabeul-N,Hammamet,Cotière,Raie,P.blanc,85.2,2021
30/09/2021,Nord,Tunis,La Goulette,Chalut benthique,Chien de mer,P.blanc,411.84,2021
30/09/2021,Nord,Tunis,La Goulette,Chalut benthique,Roussette,P.blanc,182.52,2021
30/09/2021,Nord,Tunis,La Goulette,Chalut benthique,Emissole,P.blanc,702,2021
30/09/2021,Nord,Tunis,La Goulette,Chalut benthique,Raie,P.blanc,842.4,2021
30/09/2021,Nord,Tunis,La Goulette,Cotière,Chien de mer,P.blanc,44.02,2021
30/09/2021,Nord,Tunis,La Goulette,Cotière,Raie,P.blanc,34.08,2021
30/09/2021,Sud,Gabes,Gabes,Cotière,Chien de mer,P.blanc,7739,2021
30/09/2021,Sud,Gabes,Zarrat,Cotière,Chien de mer,P.blanc,426,2021
30/09/2021,Sud,Medenine,Zarzis,Cotière,Chien de mer,P.blanc,923,2021
30/09/2021,Sud,Medenine,Zarzis,Cotière,Raie,P.blanc,3692,2021
30/09/2021,Sud,Medenine,Zarzis,Cotière,Ange de mer,P.blanc,2769,2021
30/09/2021,Sud,Medenine,Houmtsouk,Cotière,Chien de mer,P.blanc,2840,2021
30/09/2021,Sud,Medenine,Houmtsouk,Cotière,Emissole,P.blanc,1874.4,2021
30/09/2021,Sud,Medenine,Houmtsouk,Cotière,Raie,P.blanc,4260,2021
30/09/2021,Sud,Medenine,Houmtsouk,Cotière,Ange de mer,P.blanc,4146.4,2021
30/09/2021,Sud,Medenine,Ajim,Cotière,Raie,P.blanc,340.8,2021
30/09/2021,Sud,Medenine,Elketf,Cotière,Chien de mer,P.blanc,1136,2021
30/09/2021,Sud,Medenine,Elketf,Cotière,Emissole,P.blanc,738.4,2021
30/09/2021,Sud,Medenine,Elketf,Cotière,Raie,P.blanc,426,2021
30/09/2021,Sud,Sfax,Sfax,Cotière,Raie,P.blanc,2779.0252,2021
30/09/2021,Sud,Sfax,Ellouza,Cotière,Raie,P.blanc,4260,2021
30/09/2021,Sud,Sfax,Sidi Mansour,Cotière,Raie,P.blanc,790.6276,2021
30/09/2021,Sud,Sfax,Skhira,Cotière,Chien de mer,P.blanc,5396,2021
30/09/2021,Sud,Sfax,Kratten,Cotière,Roussette,P.blanc,994,2021
30/09/2021,Sud,Sfax,Attaya,Cotière,Roussette,P.blanc,5396,2021
31/10/2021,Est,Mahdia,Mahdia,Chalut benthique,Chien de mer,P.blanc,1134.9,2021
31/10/2021,Est,Mahdia,Mahdia,Chalut benthique,Roussette,P.blanc,1539.72,2021
31/10/2021,Est,Mahdia,Mahdia,Chalut benthique,Raie,P.blanc,2344.68,2021
31/10/2021,Est,Mahdia,Mahdia,Cotière,Chien de mer,P.blanc,667.4,2021
31/10/2021,Est,Mahdia,Mahdia,Cotière,Raie,P.blanc,119.28,2021
31/10/2021,Est,Mahdia,Chebba,Chalut benthique,Chien de mer,P.blanc,45045,2021
31/10/2021,Est,Mahdia,Chebba,Chalut benthique,Raie,P.blanc,21645,2021
31/10/2021,Est,Mahdia,Chebba,Cotière,Chien de mer,P.blanc,35500,2021
31/10/2021,Est,Mahdia,Chebba,Cotière,Raie,P.blanc,2840,2021
31/10/2021,Est,Monastir,Monastir,Chalut benthique,Raie,P.blanc,163.8,2021
31/10/2021,Est,Monastir,Monastir,Cotière,Chien de mer,P.blanc,142,2021
31/10/2021,Est,Monastir,Monastir,Cotière,Emissole,P.blanc,426,2021
31/10/2021,Est,Monastir,Monastir,Cotière,Raie,P.blanc,85.2,2021
31/10/2021,Est,Monastir,Khnis,Cotière,Raie,P.blanc,227.2,2021
31/10/2021,Est,Monastir,Sayada,Cotière,Roussette,P.blanc,255.6,2021
31/10/2021,Est,Monastir,Teboulba,Chalut benthique,Chien de mer,P.blanc,279.63,2021
31/10/2021,Est,Monastir,Teboulba,Chalut benthique,Raie,P.blanc,207.09,2021
31/10/2021,Est,Monastir,Teboulba,Cotière,Chien de mer,P.blanc,1397.28,2021
31/10/2021,Est,Monastir,Teboulba,Cotière,Raie,P.blanc,194.54,2021
31/10/2021,Est,Monastir,Bekalta,Cotière,Emissole,P.blanc,1675.6,2021
31/10/2021,Est,Monastir,Bekalta,Cotière,Raie,P.blanc,2754.8,2021
31/10/2021,Est,Nabeul-E,Beni Khiar,Cotière,Chien de mer,P.blanc,85.2,2021
31/10/2021,Est,Nabeul-E,Beni Khiar,Cotière,Raie,P.blanc,817.92,2021
31/10/2021,Est,Sousse,Sousse,Chalut benthique,Chien de mer,P.blanc,60.84,2021
31/10/2021,Est,Sousse,Sousse,Chalut benthique,Raie,P.blanc,152.1,2021
31/10/2021,Est,Sousse,Sousse,Cotière,Chien de mer,P.blanc,213,2021
31/10/2021,Est,Sousse,Sousse,Cotière,Raie,P.blanc,142,2021
31/10/2021,Est,Sousse,Port el Kantaoui,Cotière,Chien de mer,P.blanc,113.6,2021
31/10/2021,Est,Sousse,Sidi Abdelhamid,Cotière,Chien de mer,P.blanc,142,2021
31/10/2021,Est,Sousse,Sidi Abdelhamid,Cotière,Raie,P.blanc,142,2021
31/10/2021,Nord,Bèja,Zouaraa,Cotière,Raie,P.blanc,1136,2021
31/10/2021,Nord,Ben Arous,Hammam lif,Cotière,Ange de mer,P.blanc,113.6,2021
31/10/2021,Nord,Ben Arous,Borj Cédria,Cotière,Raie,P.blanc,142,2021
31/10/2021,Nord,Bizerte,Bizerte,Chalut benthique,Chien de mer,P.blanc,2901.6,2021
31/10/2021,Nord,Bizerte,Bizerte,Chalut benthique,Roussette,P.blanc,635.31,2021
31/10/2021,Nord,Bizerte,Bizerte,Chalut benthique,Raie,P.blanc,1485.9,2021
31/10/2021,Nord,Bizerte,Bizerte,Cotière,Chien de mer,P.blanc,870.46,2021
31/10/2021,Nord,Bizerte,Mel. A.errahman,Lagunaire,Raie,P.blanc,107,2021
31/10/2021,Nord,Bizerte,Cap.Zebib,Cotière,Chien de mer,P.blanc,53.96,2021
31/10/2021,Nord,Bizerte,Cap.Zebib,Cotière,Raie,P.blanc,56.8,2021
31/10/2021,Nord,Bizerte,Ghar.El melh,Cotière,Chien de mer,P.blanc,173.24,2021
31/10/2021,Nord,Bizerte,Ghar.El melh,Cotière,Roussette,P.blanc,142,2021
31/10/2021,Nord,Bizerte,Ghar.El melh,Cotière,Raie,P.blanc,58.22,2021
31/10/2021,Nord,Jendouba,Tabarka,Chalut benthique,Chien de mer,P.blanc,631.8,2021
31/10/2021,Nord,Jendouba,Tabarka,Chalut benthique,Raie,P.blanc,1064.7,2021
31/10/2021,Nord,Jendouba,Tabarka,Cotière,Chien de mer,P.blanc,639,2021
31/10/2021,Nord,Jendouba,Tabarka,Cotière,Raie,P.blanc,426,2021
31/10/2021,Nord,Jendouba,Tabarka,Cotière,Ange de mer,P.blanc,312.4,2021
31/10/2021,Nord,Nabeul-N,Kélibia,Chalut benthique,Chien de mer,P.blanc,1037.79,2021
31/10/2021,Nord,Nabeul-N,Kélibia,Chalut benthique,Roussette,P.blanc,795.6,2021
31/10/2021,Nord,Nabeul-N,Kélibia,Chalut benthique,Raie,P.blanc,1728.09,2021
31/10/2021,Nord,Nabeul-N,Kélibia,Cotière,Chien de mer,P.blanc,2653.98,2021
31/10/2021,Nord,Nabeul-N,Kélibia,Cotière,Raie,P.blanc,778.16,2021
31/10/2021,Nord,Nabeul-N,Sidi Daoud,Cotière,Chien de mer,P.blanc,262.7,2021
31/10/2021,Nord,Nabeul-N,Hammamet,Cotière,Chien de mer,P.blanc,213,2021
31/10/2021,Nord,Nabeul-N,Hammamet,Cotière,Raie,P.blanc,113.6,2021
31/10/2021,Nord,Nabeul-N,Hawaria,Cotière,Chien de mer,P.blanc,42.6,2021
31/10/2021,Nord,Tunis,La Goulette,Chalut benthique,Chien de mer,P.blanc,154.44,2021
31/10/2021,Nord,Tunis,La Goulette,Chalut benthique,Roussette,P.blanc,30.42,2021
31/10/2021,Nord,Tunis,La Goulette,Chalut benthique,Emissole,P.blanc,194.22,2021
31/10/2021,Nord,Tunis,La Goulette,Chalut benthique,Raie,P.blanc,243.36,2021
31/10/2021,Nord,Tunis,La Goulette,Cotière,Chien de mer,P.blanc,97.98,2021
31/10/2021,Sud,Gabes,Gabes,Cotière,Chien de mer,P.blanc,3550,2021
31/10/2021,Sud,Gabes,Gabes,Cotière,Raie,P.blanc,511.2,2021
31/10/2021,Sud,Gabes,Ghannouche,Cotière,Raie,P.blanc,852,2021
31/10/2021,Sud,Medenine,Zarzis,Chalut benthique,Emissole,P.blanc,35.1,2021
31/10/2021,Sud,Medenine,Zarzis,Chalut benthique,Raie,P.blanc,409.5,2021
31/10/2021,Sud,Medenine,Zarzis,Cotière,Chien de mer,P.blanc,19069.18,2021
31/10/2021,Sud,Medenine,Zarzis,Cotière,Emissole,P.blanc,923,2021
31/10/2021,Sud,Medenine,Zarzis,Cotière,Raie,P.blanc,21413.6,2021
31/10/2021,Sud,Medenine,Zarzis,Cotière,Ange de mer,P.blanc,35203.22,2021
31/10/2021,Sud,Medenine,Houmtsouk,Cotière,Chien de mer,P.blanc,2840,2021
31/10/2021,Sud,Medenine,Houmtsouk,Cotière,Emissole,P.blanc,3095.6,2021
31/10/2021,Sud,Medenine,Houmtsouk,Cotière,Raie,P.blanc,1278,2021
31/10/2021,Sud,Medenine,Houmtsouk,Cotière,Ange de mer,P.blanc,482.8,2021
31/10/2021,Sud,Medenine,Elketf,Cotière,Chien de mer,P.blanc,781,2021
31/10/2021,Sud,Medenine,Elketf,Cotière,Emissole,P.blanc,1235.4,2021
31/10/2021,Sud,Medenine,Elketf,Cotière,Raie,P.blanc,852,2021
31/10/2021,Sud,Sfax,Sfax,Chalut benthique,Chien de mer,P.blanc,2961.27,2021
31/10/2021,Sud,Sfax,Sfax,Chalut benthique,Roussette,P.blanc,4403.88,2021
31/10/2021,Sud,Sfax,Sfax,Chalut benthique,Raie,P.blanc,4534.92,2021
31/10/2021,Sud,Sfax,Attaya,Cotière,Roussette,P.blanc,3976,2021
30/11/2021,Est,Mahdia,Mahdia,Chalut benthique,Chien de mer,P.blanc,1279.98,2021
30/11/2021,Est,Mahdia,Mahdia,Chalut benthique,Roussette,P.blanc,1645.02,2021
30/11/2021,Est,Mahdia,Mahdia,Chalut benthique,Raie,P.blanc,3689.01,2021
30/11/2021,Est,Mahdia,Mahdia,Cotière,Chien de mer,P.blanc,85.2,2021
30/11/2021,Est,Mahdia,Mahdia,Cotière,Raie,P.blanc,102.24,2021
30/11/2021,Est,Mahdia,Chebba,Chalut benthique,Chien de mer,P.blanc,40716,2021
30/11/2021,Est,Mahdia,Chebba,Chalut benthique,Raie,P.blanc,25272,2021
30/11/2021,Est,Mahdia,Chebba,Cotière,Chien de mer,P.blanc,43736,2021
30/11/2021,Est,Mahdia,Chebba,Cotière,Raie,P.blanc,3124,2021
30/11/2021,Est,Monastir,Monastir,Chalut benthique,Roussette,P.blanc,310.05,2021
30/11/2021,Est,Monastir,Monastir,Chalut benthique,Raie,P.blanc,222.3,2021
30/11/2021,Est,Monastir,Monastir,Cotière,Raie,P.blanc,539.6,2021
30/11/2021,Est,Monastir,Khnis,Cotière,Raie,P.blanc,545.28,2021
30/11/2021,Est,Monastir,Sayada,Chalut benthique,Raie,P.blanc,105.3,2021
30/11/2021,Est,Monastir,Sayada,Cotière,Roussette,P.blanc,866.2,2021
30/11/2021,Est,Monastir,Teboulba,Chalut benthique,Chien de mer,P.blanc,336.96,2021
30/11/2021,Est,Monastir,Teboulba,Chalut benthique,Raie,P.blanc,174.33,2021
30/11/2021,Est,Monastir,Teboulba,Cotière,Chien de mer,P.blanc,452.98,2021
30/11/2021,Est,Monastir,Teboulba,Cotière,Raie,P.blanc,278.32,2021
30/11/2021,Est,Monastir,Bekalta,Cotière,Emissole,P.blanc,1420,2021
30/11/2021,Est,Monastir,Bekalta,Cotière,Raie,P.blanc,2115.8,2021
30/11/2021,Est,Nabeul-E,Beni Khiar,Cotière,Chien de mer,P.blanc,21.3,2021
30/11/2021,Est,Nabeul-E,Beni Khiar,Cotière,Raie,P.blanc,617.7,2021
30/11/2021,Est,Sousse,Sousse,Chalut benthique,Chien de mer,P.blanc,532.35,2021
30/11/2021,Est,Sousse,Sousse,Chalut benthique,Raie,P.blanc,2144.61,2021
30/11/2021,Est,Sousse,Sousse,Cotière,Chien de mer,P.blanc,426,2021
30/11/2021,Est,Sousse,Sousse,Cotière,Raie,P.blanc,284,2021
30/11/2021,Est,Sousse,Hergla,Cotière,Chien de mer,P.blanc,355,2021
30/11/2021,Est,Sousse,Port el Kantaoui,Cotière,Chien de mer,P.blanc,213,2021
30/11/2021,Est,Sousse,Sidi Abdelhamid,Cotière,Chien de mer,P.blanc,213,2021
30/11/2021,Nord,Bèja,Zouaraa,Cotière,Raie,P.blanc,1278,2021
30/11/2021,Nord,Ben Arous,Rades,Cotière,Raie,P.blanc,142,2021
30/11/2021,Nord,Ben Arous,Ezzahra,Cotière,Raie,P.blanc,205.9,2021
30/11/2021,Nord,Ben Arous,Hammam lif,Cotière,Raie,P.blanc,71,2021
30/11/2021,Nord,Bizerte,Bizerte,Chalut benthique,Chien de mer,P.blanc,2287.35,2021
30/11/2021,Nord,Bizerte,Bizerte,Chalut benthique,Roussette,P.blanc,1811.16,2021
30/11/2021,Nord,Bizerte,Bizerte,Chalut benthique,Raie,P.blanc,3199.95,2021
30/11/2021,Nord,Bizerte,Bizerte,Cotière,Chien de mer,P.blanc,603.5,2021
30/11/2021,Nord,Bizerte,Cap.Zebib,Cotière,Chien de mer,P.blanc,62.48,2021
30/11/2021,Nord,Bizerte,Cap.Zebib,Cotière,Raie,P.blanc,73.84,2021
30/11/2021,Nord,Bizerte,Ghar.El melh,Cotière,Roussette,P.blanc,281.16,2021
30/11/2021,Nord,Bizerte,Ghar.El melh,Cotière,Raie,P.blanc,28.4,2021
30/11/2021,Nord,Jendouba,Tabarka,Chalut benthique,Chien de mer,P.blanc,608.4,2021
30/11/2021,Nord,Jendouba,Tabarka,Chalut benthique,Raie,P.blanc,1696.5,2021
30/11/2021,Nord,Jendouba,Tabarka,Cotière,Chien de mer,P.blanc,639,2021
30/11/2021,Nord,Jendouba,Tabarka,Cotière,Raie,P.blanc,170.4,2021
30/11/2021,Nord,Nabeul-N,Kélibia,Chalut benthique,Chien de mer,P.blanc,1276.47,2021
30/11/2021,Nord,Nabeul-N,Kélibia,Chalut benthique,Roussette,P.blanc,1326.78,2021
30/11/2021,Nord,Nabeul-N,Kélibia,Chalut benthique,Raie,P.blanc,3032.64,2021
30/11/2021,Nord,Nabeul-N,Kélibia,Cotière,Chien de mer,P.blanc,1499.52,2021
30/11/2021,Nord,Nabeul-N,Kélibia,Cotière,Raie,P.blanc,722.78,2021
30/11/2021,Nord,Nabeul-N,Sidi Daoud,Cotière,Chien de mer,P.blanc,355,2021
30/11/2021,Nord,Nabeul-N,Hammamet,Cotière,Chien de mer,P.blanc,113.6,2021
30/11/2021,Nord,Nabeul-N,Hammamet,Cotière,Raie,P.blanc,213,2021
30/11/2021,Nord,Nabeul-N,Hawaria,Cotière,Chien de mer,P.blanc,49.7,2021
30/11/2021,Nord,Nabeul-N,Hawaria,Cotière,Raie,P.blanc,21.3,2021
30/11/2021,Nord,Tunis,La Goulette,Chalut benthique,Chien de mer,P.blanc,685.62,2021
30/11/2021,Nord,Tunis,La Goulette,Chalut benthique,Roussette,P.blanc,217.62,2021
30/11/2021,Nord,Tunis,La Goulette,Chalut benthique,Emissole,P.blanc,1221.48,2021
30/11/2021,Nord,Tunis,La Goulette,Chalut benthique,Raie,P.blanc,2349.36,2021
30/11/2021,Nord,Tunis,La Goulette,Cotière,Raie,P.blanc,35.5,2021
30/11/2021,Sud,Gabes,Gabes,Cotière,Chien de mer,P.blanc,2059,2021
30/11/2021,Sud,Medenine,Zarzis,Chalut benthique,Raie,P.blanc,11.7,2021
30/11/2021,Sud,Medenine,Zarzis,Cotière,Chien de mer,P.blanc,5261.1,2021
30/11/2021,Sud,Medenine,Zarzis,Cotière,Emissole,P.blanc,7014.8,2021
30/11/2021,Sud,Medenine,Zarzis,Cotière,Raie,P.blanc,16152.5,2021
30/11/2021,Sud,Medenine,Zarzis,Cotière,Ange de mer,P.blanc,6184.1,2021
30/11/2021,Sud,Medenine,Houmtsouk,Cotière,Chien de mer,P.blanc,3124,2021
30/11/2021,Sud,Medenine,Houmtsouk,Cotière,Emissole,P.blanc,2385.6,2021
30/11/2021,Sud,Medenine,Houmtsouk,Cotière,Raie,P.blanc,1661.4,2021
30/11/2021,Sud,Medenine,Houmtsouk,Cotière,Ange de mer,P.blanc,1278,2021
30/11/2021,Sud,Medenine,Ajim,Cotière,Raie,P.blanc,383.4,2021
30/11/2021,Sud,Medenine,Elketf,Cotière,Chien de mer,P.blanc,738.4,2021
30/11/2021,Sud,Medenine,Elketf,Cotière,Emissole,P.blanc,4828,2021
30/11/2021,Sud,Medenine,Elketf,Cotière,Raie,P.blanc,142,2021
30/11/2021,Sud,Medenine,Hassi Jallaba,Cotière,Ange de mer,P.blanc,284,2021
30/11/2021,Sud,Sfax,Sfax,Chalut benthique,Chien de mer,P.blanc,4208.49,2021
30/11/2021,Sud,Sfax,Sfax,Chalut benthique,Roussette,P.blanc,3500.64,2021
30/11/2021,Sud,Sfax,Sfax,Chalut benthique,Raie,P.blanc,4305.6,2021
30/11/2021,Sud,Sfax,Sfax,Cotière,Raie,P.blanc,1852.674,2021
30/11/2021,Sud,Sfax,Ellouza,Cotière,Raie,P.blanc,2840,2021
30/11/2021,Sud,Sfax,Sidi Mansour,Cotière,Raie,P.blanc,527.0756,2021
30/11/2021,Sud,Sfax,Kratten,Cotière,Roussette,P.blanc,852,2021
31/12/2021,Est,Mahdia,Mahdia,Chalut benthique,Chien de mer,P.blanc,939.51,2021
31/12/2021,Est,Mahdia,Mahdia,Chalut benthique,Roussette,P.blanc,1618.11,2021
31/12/2021,Est,Mahdia,Mahdia,Chalut benthique,Raie,P.blanc,5232.24,2021
31/12/2021,Est,Mahdia,Mahdia,Cotière,Chien de mer,P.blanc,56.8,2021
31/12/2021,Est,Mahdia,Mahdia,Cotière,Raie,P.blanc,34.08,2021
31/12/2021,Est,Mahdia,Chebba,Chalut benthique,Chien de mer,P.blanc,41979.6,2021
31/12/2021,Est,Mahdia,Chebba,Chalut benthique,Raie,P.blanc,37206,2021
31/12/2021,Est,Mahdia,Chebba,Cotière,Chien de mer,P.blanc,39192,2021
31/12/2021,Est,Mahdia,Chebba,Cotière,Raie,P.blanc,6986.4,2021
31/12/2021,Est,Monastir,Monastir,Chalut benthique,Roussette,P.blanc,444.6,2021
31/12/2021,Est,Monastir,Monastir,Chalut benthique,Raie,P.blanc,608.4,2021
31/12/2021,Est,Monastir,Monastir,Cotière,Roussette,P.blanc,965.6,2021
31/12/2021,Est,Monastir,Monastir,Cotière,Raie,P.blanc,312.4,2021
31/12/2021,Est,Monastir,Sayada,Cotière,Roussette,P.blanc,653.2,2021
31/12/2021,Est,Monastir,Teboulba,Chalut benthique,Chien de mer,P.blanc,221.13,2021
31/12/2021,Est,Monastir,Teboulba,Chalut benthique,Raie,P.blanc,90.09,2021
31/12/2021,Est,Monastir,Teboulba,Cotière,Chien de mer,P.blanc,396.18,2021
31/12/2021,Est,Monastir,Teboulba,Cotière,Raie,P.blanc,71,2021
31/12/2021,Est,Monastir,Bekalta,Cotière,Emissole,P.blanc,1718.2,2021
31/12/2021,Est,Monastir,Bekalta,Cotière,Raie,P.blanc,1618.8,2021
31/12/2021,Est,Nabeul-E,Beni Khiar,Cotière,Chien de mer,P.blanc,85.2,2021
31/12/2021,Est,Nabeul-E,Beni Khiar,Cotière,Raie,P.blanc,1201.32,2021
31/12/2021,Est,Sousse,Sousse,Chalut benthique,Chien de mer,P.blanc,517.14,2021
31/12/2021,Est,Sousse,Sousse,Chalut benthique,Raie,P.blanc,10069.02,2021
31/12/2021,Est,Sousse,Sousse,Cotière,Chien de mer,P.blanc,142,2021
31/12/2021,Est,Sousse,Sousse,Cotière,Raie,P.blanc,142,2021
31/12/2021,Est,Sousse,Port el Kantaoui,Cotière,Chien de mer,P.blanc,284,2021
31/12/2021,Est,Sousse,Sidi Abdelhamid,Cotière,Chien de mer,P.blanc,113.6,2021
31/12/2021,Nord,Bèja,Zouaraa,Cotière,Raie,P.blanc,1420,2021
31/12/2021,Nord,Ben Arous,Hammam lif,Cotière,Raie,P.blanc,127.8,2021
31/12/2021,Nord,Bizerte,Bizerte,Chalut benthique,Chien de mer,P.blanc,1509.3,2021
31/12/2021,Nord,Bizerte,Bizerte,Chalut benthique,Roussette,P.blanc,2375.1,2021
31/12/2021,Nord,Bizerte,Bizerte,Chalut benthique,Raie,P.blanc,4410.9,2021
31/12/2021,Nord,Bizerte,Bizerte,Cotière,Chien de mer,P.blanc,738.4,2021
31/12/2021,Nord,Bizerte,Bizerte,Cotière,Raie,P.blanc,844.9,2021
31/12/2021,Nord,Bizerte,Cap.Zebib,Cotière,Chien de mer,P.blanc,35.5,2021
31/12/2021,Nord,Bizerte,Cap.Zebib,Cotière,Raie,P.blanc,184.6,2021
31/12/2021,Nord,Bizerte,Ghar.El melh,Cotière,Roussette,P.blanc,221.52,2021
31/12/2021,Nord,Bizerte,Ghar.El melh,Cotière,Raie,P.blanc,35.5,2021
31/12/2021,Nord,Jendouba,Tabarka,Chalut benthique,Chien de mer,P.blanc,421.2,2021
31/12/2021,Nord,Jendouba,Tabarka,Chalut benthique,Raie,P.blanc,1567.8,2021
31/12/2021,Nord,Jendouba,Tabarka,Cotière,Chien de mer,P.blanc,639,2021
31/12/2021,Nord,Jendouba,Tabarka,Cotière,Roussette,P.blanc,142,2021
31/12/2021,Nord,Jendouba,Tabarka,Cotière,Emissole,P.blanc,127.8,2021
31/12/2021,Nord,Jendouba,Tabarka,Cotière,Raie,P.blanc,497,2021
31/12/2021,Nord,Jendouba,Tabarka,Cotière,Ange de mer,P.blanc,213,2021
31/12/2021,Nord,Nabeul-N,Kélibia,Chalut benthique,Chien de mer,P.blanc,1533.87,2021
31/12/2021,Nord,Nabeul-N,Kélibia,Chalut benthique,Roussette,P.blanc,2933.19,2021
31/12/2021,Nord,Nabeul-N,Kélibia,Chalut benthique,Raie,P.blanc,5603.13,2021
31/12/2021,Nord,Nabeul-N,Kélibia,Cotière,Chien de mer,P.blanc,1067.84,2021
31/12/2021,Nord,Nabeul-N,Kélibia,Cotière,Raie,P.blanc,522.56,2021
31/12/2021,Nord,Nabeul-N,Hammamet,Cotière,Chien de mer,P.blanc,213,2021
31/12/2021,Nord,Nabeul-N,Hammamet,Cotière,Raie,P.blanc,113.6,2021
31/12/2021,Nord,Tunis,La Goulette,Chalut benthique,Chien de mer,P.blanc,168.48,2021
31/12/2021,Nord,Tunis,La Goulette,Chalut benthique,Roussette,P.blanc,449.28,2021
31/12/2021,Nord,Tunis,La Goulette,Chalut benthique,Emissole,P.blanc,856.44,2021
31/12/2021,Nord,Tunis,La Goulette,Chalut benthique,Raie,P.blanc,1633.32,2021
31/12/2021,Nord,Tunis,La Goulette,Cotière,Chien de mer,P.blanc,218.68,2021
31/12/2021,Nord,Tunis,La Goulette,Cotière,Raie,P.blanc,17.04,2021
31/12/2021,Sud,Medenine,Zarzis,Cotière,Chien de mer,P.blanc,1015.3,2021
31/12/2021,Sud,Medenine,Zarzis,Cotière,Emissole,P.blanc,3692,2021
31/12/2021,Sud,Medenine,Zarzis,Cotière,Raie,P.blanc,6737.9,2021
31/12/2021,Sud,Medenine,Zarzis,Cotière,Ange de mer,P.blanc,92.3,2021
31/12/2021,Sud,Medenine,Houmtsouk,Cotière,Chien de mer,P.blanc,1221.2,2021
31/12/2021,Sud,Medenine,Houmtsouk,Cotière,Emissole,P.blanc,284,2021
31/12/2021,Sud,Medenine,Houmtsouk,Cotière,Raie,P.blanc,1988,2021
31/12/2021,Sud,Medenine,Houmtsouk,Cotière,Ange de mer,P.blanc,369.2,2021
31/12/2021,Sud,Medenine,Elketf,Cotière,Chien de mer,P.blanc,596.4,2021
31/12/2021,Sud,Medenine,Elketf,Cotière,Emissole,P.blanc,6532,2021
31/12/2021,Sud,Medenine,Elketf,Cotière,Raie,P.blanc,184.6,2021
31/12/2021,Sud,Sfax,Sfax,Chalut benthique,Chien de mer,P.blanc,883.35,2021
31/12/2021,Sud,Sfax,Sfax,Chalut benthique,Roussette,P.blanc,1319.76,2021
31/12/2021,Sud,Sfax,Sfax,Chalut benthique,Raie,P.blanc,2160.99,2021
31/12/2021,Sud,Sfax,Sfax,Cotière,Raie,P.blanc,1852.674,2021
31/12/2021,Sud,Sfax,Ellouza,Cotière,Raie,P.blanc,2840,2021
31/12/2021,Sud,Sfax,Sidi Mansour,Cotière,Raie,P.blanc,527.0756,2021
31/12/2021,Sud,Sfax,Attaya,Cotière,Roussette,P.blanc,1278,2021